-- MySQL dump 10.13  Distrib 5.6.28, for debian-linux-gnu (x86_64)
--
-- Host: localhost    Database: shellac
-- ------------------------------------------------------
-- Server version	5.6.28-0ubuntu0.15.10.1-log

/*!40101 SET @OLD_CHARACTER_SET_CLIENT=@@CHARACTER_SET_CLIENT */;
/*!40101 SET @OLD_CHARACTER_SET_RESULTS=@@CHARACTER_SET_RESULTS */;
/*!40101 SET @OLD_COLLATION_CONNECTION=@@COLLATION_CONNECTION */;
/*!40101 SET NAMES utf8 */;
/*!40103 SET @OLD_TIME_ZONE=@@TIME_ZONE */;
/*!40103 SET TIME_ZONE='+00:00' */;
/*!40014 SET @OLD_UNIQUE_CHECKS=@@UNIQUE_CHECKS, UNIQUE_CHECKS=0 */;
/*!40014 SET @OLD_FOREIGN_KEY_CHECKS=@@FOREIGN_KEY_CHECKS, FOREIGN_KEY_CHECKS=0 */;
/*!40101 SET @OLD_SQL_MODE=@@SQL_MODE, SQL_MODE='NO_AUTO_VALUE_ON_ZERO' */;
/*!40111 SET @OLD_SQL_NOTES=@@SQL_NOTES, SQL_NOTES=0 */;

--
-- Table structure for table `banners`
--

DROP TABLE IF EXISTS `banners`;
/*!40101 SET @saved_cs_client     = @@character_set_client */;
/*!40101 SET character_set_client = utf8 */;
CREATE TABLE `banners` (
  `id` int(11) unsigned NOT NULL AUTO_INCREMENT,
  `image` varchar(255) DEFAULT NULL,
  PRIMARY KEY (`id`)
) ENGINE=MyISAM AUTO_INCREMENT=10 DEFAULT CHARSET=utf8;
/*!40101 SET character_set_client = @saved_cs_client */;

--
-- Dumping data for table `banners`
--

LOCK TABLES `banners` WRITE;
/*!40000 ALTER TABLE `banners` DISABLE KEYS */;
INSERT INTO `banners` VALUES (9,'e16332f9c9cac5421830515428777213.jpg'),(8,'16909c0de0275fa7ab3a78524460ce3a.jpg'),(7,'d1ae6ef8e421d4a8037d26a63cfc738c.png');
/*!40000 ALTER TABLE `banners` ENABLE KEYS */;
UNLOCK TABLES;

--
-- Table structure for table `banners_info`
--

DROP TABLE IF EXISTS `banners_info`;
/*!40101 SET @saved_cs_client     = @@character_set_client */;
/*!40101 SET character_set_client = utf8 */;
CREATE TABLE `banners_info` (
  `id` int(11) unsigned NOT NULL,
  `title` varchar(50) DEFAULT NULL,
  `text` varchar(255) DEFAULT NULL,
  `lang` char(5) NOT NULL,
  PRIMARY KEY (`id`,`lang`)
) ENGINE=MyISAM DEFAULT CHARSET=utf8;
/*!40101 SET character_set_client = @saved_cs_client */;

--
-- Dumping data for table `banners_info`
--

LOCK TABLES `banners_info` WRITE;
/*!40000 ALTER TABLE `banners_info` DISABLE KEYS */;
INSERT INTO `banners_info` VALUES (7,'???????????? ??????','CND - ????????????? ????? ??????????? ??????? ?? ??????? ?? ???????','ua'),(8,'?????? ???????? CND Shellac','+375 (33) 696 36 16 ??? ??????: ? 10:00 ?? 19:00 ????????: ??????','ua'),(7,'American Quality','CND - American leader of production of means of nail care','en'),(7,'???????????? ????????','CND - ???????????? ????? ???????????? ??????? ?? ????? ?? ???????','ru'),(9,'','','en'),(9,'?????? ?? ??????? Shellac CND','??????? ?? ?????????, ???????? Shellac CND +375(33)6963616','ru'),(9,'','','ua'),(8,'????? ?????? CND Shellac','+375 (33) 696 36 16 ????? ??????: ? 10:00 ?? 19:00 ??? ????????.','ru'),(8,'Sales department CND Shellac','+375 (33) 696 36 16 Opening hours: 10:00 to 19:00 Closed on Sunday','en');
/*!40000 ALTER TABLE `banners_info` ENABLE KEYS */;
UNLOCK TABLES;

--
-- Table structure for table `feedback`
--

DROP TABLE IF EXISTS `feedback`;
/*!40101 SET @saved_cs_client     = @@character_set_client */;
/*!40101 SET character_set_client = utf8 */;
CREATE TABLE `feedback` (
  `id` int(11) unsigned NOT NULL AUTO_INCREMENT,
  `username` varchar(155) DEFAULT NULL,
  `email` varchar(155) DEFAULT NULL,
  `text` text,
  `date` datetime DEFAULT NULL,
  `visible` tinyint(1) DEFAULT '0',
  PRIMARY KEY (`id`)
) ENGINE=MyISAM AUTO_INCREMENT=183 DEFAULT CHARSET=utf8;
/*!40101 SET character_set_client = @saved_cs_client */;

--
-- Dumping data for table `feedback`
--

LOCK TABLES `feedback` WRITE;
/*!40000 ALTER TABLE `feedback` DISABLE KEYS */;
INSERT INTO `feedback` VALUES (124,'shellac24.by','hsjd@jfkj.ru','Добрый день, Майя. Самовывоза нет. Только доставка.','2015-01-15 23:16:31',1),(123,'майя','fruitmachiine@gmail.com','Добрый день! осуществляется ли у вас самовывоз? спасибо!','2015-01-13 12:49:27',1),(131,'sellac24.by','hsdjfk@hdfj.ru','Добрый день, Дарья. Все цены на сайте актуальны.','2015-02-20 15:22:08',1),(132,'sellac24.by','hdjf@hgfdj.ru','Наталия, не можно! Результат непредсказуем!','2015-02-20 15:24:44',1),(143,'Маргарита','pumka-daisy@mail.ru','Здравствуйте! Скажите у вас на сайте размещены все цвета что есть?','2015-05-15 09:12:37',1),(119,'Александра','_marusya-@mail.ru','В Москву возможна доставка??? Мелкий опт!!!','2014-12-22 21:14:49',1),(144,'Ирина','irina.victorovna.ivanova@gmail.com','Добрый день ! Покупала месяц назад базу, топ, два цветных лака и смывку (для нанесения самостоятельно). Привезли очень оперативно (через 2 часа после заказа), дали документы подтверждающие качество товара. Хожу довольная как слон уже месяц, все держится идеально и маникюр и педикюр. Буду покупать еще у Вас цветные гель-лаки.<br />\r\nВсем советую, отличный магазин !!!','2015-05-26 12:13:11',1),(104,'shellac24.by','asdhflk@mail.ru','Добрый день. Заказы можно делать по телефону.','2014-10-16 19:54:14',1),(103,'виктория','kristal_victoriy@mail.ru','добрый день! сколько стоит семинар, подскажите, пожалуйста','2014-10-16 16:39:01',1),(105,'sellac24.by','asdfgluiahg@frjkh.ru','Продукция 100% оригинальная. Предоставляем Декларацию ЕАС. По Минску доставка курьером. Возможна в день заказа. Оплата наличным и безналичным способом. Если цены низкие - можем и повысить)','2014-10-16 19:59:04',1),(99,'shellac24.by','sdfjghk@jkfd.ru','Актуальны.','2014-09-19 14:15:55',1),(100,'Ольга','Mos_Ka@list.ru','Скажите , почему цены ниже чем на др сайтах ? Продукция оригинальная ? <br />\r\nДоставка почтой или курьером в минск ? <br />\r\nКакие сроки и как оплачивать?','2014-09-28 14:37:23',1),(101,'Алина','8288840@mail.ru','Добрый день! Хочу сделать заказ,))) подскажите как?!','2014-10-13 10:51:48',1),(98,'Ирина','aid_61@mail.ru','Цены актуальны на 16.09 ????????','2014-09-16 07:53:06',1),(129,'Дарья','daria.pershay@gmail.com','Добрый день! Подскажите, актуальны ли цены на сайте ?','2015-02-19 12:15:22',1),(130,'Наталия','natali.dok.71@mail.ru','Подскажите,можно ли Шеллаком использовать базу и топ других фирм,например,Блюскай?','2015-02-19 15:56:31',1),(107,'Катерина','ken2912@mail.ru','хочу сделать заказ. Звоню уже несколько дней..никто не отвечает..','2014-11-10 11:02:34',1),(117,'shellac24.by','jkdsah@mail.ru','Добрый день, Вероника. У нас продукция CND 100% производства США! На счет аллергии жалоб не поступало. У Shellac CND формула 3free (отсутствие толуола, дибутилфталата, формальдегида и его смол).','2014-12-12 11:09:49',1),(111,'katerina','2912@mail.ru','купила шиллаки SND на этом сайте...попробовала делать..держится покрытие не больше недели..а должно 2..что не так? у кого какие результаты?','2014-12-03 18:29:31',1),(113,'shellac24.by','sadjkfh@mail.ru','Добрый день, katerina. Такое бывает при нарушении технологии нанесения Шеллака CND. Проверьте еще раз все ли правильно Вы делаете. Если под \\\"шиллаки SND на этом сайте...\\\" Вы намекаете на не оригинальность продаваемой нами продукции, то зря. Весь продаваемый нами продукт CND оригинален и это можем подтвердить документально.','2014-12-08 14:00:44',1),(114,'Инна','dsajhgfl@mail.ru','Всем доброго дня. Бывает встречаются у клиенток тонкие испорченные \\\"китаем\\\" или гелем ногти, а также \\\"влажные ногти\\\". У них держится только неделю. Тогда я использую бескислотный праймер и баф для натурального ногтя. Носят до 3-х!!! недель.','2014-12-08 14:11:22',1),(115,'Вероника','Veronika_sedach@mail.ru','Здравствуйте! Мучаюсь жуткой аллергией на все гель-лаки разных фирм. Все отлично только с оригинальным шеллаком CND. Это 100% производство сша? Может быть кто-нибудь с такой же проблемой как у меня? Как у вас с этим шеллаком?','2014-12-11 23:13:22',1),(126,'Кристина','krislyubko@gmail.com','Здравствуйте! Подскажите пожалуйста, сколько будет стоить доставка при заказе трех лаков?','2015-02-02 12:15:34',1),(127,'Ольга','prishchiepova@list.ru','Подскажите сертификаты на Шеллаки предоставляете?','2015-02-03 14:29:26',1),(92,'sellac24.by','sahgdj@fhgjd.ru','Добрый день, Оксана. Запаковываем отправления мы в новую упаковку и с максимальной аккуратностью. От нас все посылки уходят без повреждений. Если повреждены сами баночки гель-лака - пришлите нам их, и мы заменим на новые.','2014-08-16 14:41:04',1),(95,'Ольга','buch757397@tut.by','как можно сделать заказ?','2014-08-21 12:35:22',1),(96,'Наталья','1n1a1t1a@gmail.com','Здравствуйте!Можно ли заказать продукцию с вашего сайта? <br />\r\nВ Московской области.','2014-08-22 13:05:16',1),(93,'Оксана','hjkkj@hghg.ru','Спасибо, но сами баночки не повреждены.','2014-08-16 14:44:07',1),(94,'shellac24.by','dhsfj@jjjj.ru','Масло для кутикулы SOLAR OIL будет в наличии после 20.08.2014.','2014-08-16 14:46:34',1),(90,'Илья','dfughi@jash.ru','Отличная и оперативная работа. Качество на высшем уровне. Спасибо, все очень понравилось. P.S. - Когда будет масло для кутикулы SOLAR OIL?','2014-08-16 14:26:17',1),(91,'Оксана','hasjkd@hfhg.ru','Добрый день, Shellac24. 14.08.2014 получила посылку (Гомель). Частично повреждена упаковка лаков. Это вы так пакуете или почта повредила?','2014-08-16 14:35:17',1),(86,'Ирина','Irisha1280@mail.ru','Здравствуйте. Можно ли заказать продукцию с вашего сайта ??? <br />\r\nИ как это сделать?','2014-07-11 06:32:29',1),(85,'Анастасия','ikrfisch@gmail.com','Спасибо огромное! сегодня получила свой заказ!(10,04,2014)<br />\r\nОчень рада! Все быстро доставила почта) Пока еще не пробовала качество, но думаю все отлично т.к с оригиналами работала уже. Как проверю качество отпишу! Спасибо еще раз.','2014-07-10 16:28:55',1),(84,'Анютка','hadsfkj@fghj.ru','CND - впереди планеты всей! Никакие блюскаи не сравнятся с ним! Уж, поверьте, я знаю. Сама с них начинала. Есть с чем сравнить. И клиентки довольны. Ко мне даже от мастеров, которые пользуются шелаками других произодителй, стали переходить девочки. Жалуются на то что им ногтевую пластину испортили некачественными материалами.','2014-05-29 20:51:17',1),(83,'Юлианна','huisaerh@ghjk.ru','А как же Блюскай? Так то он в два раза дешевле?','2014-05-29 20:45:30',1),(80,'Натуся','sdihg@iortj.ru','А мне доставили на день позже(((. Троечка с минусом.','2014-05-11 16:17:09',1),(81,'Ксения','hjkdsgfh@fdsa.ru','Отличное качество. Спасибо!','2014-05-20 13:42:01',1),(82,'Наталья','jikzdsjf@jfki.ru','Будем сотрудничать. Спасибо, все очень оперативно и профессионально.','2014-05-20 13:45:40',1),(79,'Светлана','asdfgluiahg@frjkh.ru','Решила начать работать с Шеллаком. Позвонила сделать заказ и получить консультацию. Общалась с Натальей. Очень понравилась ее работа. Тактичная. Уделяет внимание мелочам. Сделала заказ. Доставили как и обещали. Консультанту Наташе отдельная благодарность. Спасибо.','2014-05-11 16:14:13',1),(78,'Ирэн','magiyanail@MAIL.RU','СПАСИБО! Обещали доставить в субботу и бесплатно - сдержали обещание. Все очень понравилось. Еще раз спасибо!','2014-05-11 16:01:51',1),(134,'Ира','poboltaem3@rambler.ru','Здравствуйте! Подскажите,как можно сделать заказ?','2015-03-19 22:37:31',1),(135,'Ира','poboltaem3@rambler.ru','Здравствуйте! Как сделать заказ?','2015-03-20 13:01:53',1),(148,'Наталья','nata1906.74@mail.ru','CND SHELLAC, ЦВЕТ - WILDFIRE есть в наличии??','2015-07-09 20:57:04',1),(149,'Инна','inna_savash@mail.ru','Подскажите пожалуйста, как у Вас можно сделать заказ?','2015-07-10 21:53:51',1),(146,'Наталья','nata1906.74@mail.ru','Как можно сделать заказ?','2015-06-16 22:01:43',1),(147,'Елена','lenor84@list.ru','Здравствуйте подскажите как сделать заказ,какая минимальная сумма заказа,высылаете наложенным?','2015-06-22 14:59:37',1),(138,'Татьяна','thenri@rambler.ru','Здравствуйте! Цены на сайте еще актуальны? Как лучше сделать заказ в Минске?','2015-03-31 09:58:33',1),(141,'Анастасия','grechannaya.anastasiya@mail.ru','Доброго времени суток!<br />\r\n<br />\r\nКак с вами можно связаться?! Хочу сделать заказ. Интересует актуальность цен.','2015-04-27 11:09:20',1),(142,'Юлия','infinitybeauty@mail.ru','Здравствуйте!<br />\r\nИнтересует прайс-лист на продукцию для салонов красоты<br />\r\nСпасибо!','2015-04-27 21:48:36',1);
/*!40000 ALTER TABLE `feedback` ENABLE KEYS */;
UNLOCK TABLES;

--
-- Table structure for table `languages`
--

DROP TABLE IF EXISTS `languages`;
/*!40101 SET @saved_cs_client     = @@character_set_client */;
/*!40101 SET character_set_client = utf8 */;
CREATE TABLE `languages` (
  `id` char(10) NOT NULL,
  `extends` char(20) DEFAULT NULL,
  PRIMARY KEY (`id`)
) ENGINE=MyISAM DEFAULT CHARSET=utf8;
/*!40101 SET character_set_client = @saved_cs_client */;

--
-- Dumping data for table `languages`
--

LOCK TABLES `languages` WRITE;
/*!40000 ALTER TABLE `languages` DISABLE KEYS */;
INSERT INTO `languages` VALUES ('en',''),('ru','default'),('ua','');
/*!40000 ALTER TABLE `languages` ENABLE KEYS */;
UNLOCK TABLES;

--
-- Table structure for table `map_role_user`
--

DROP TABLE IF EXISTS `map_role_user`;
/*!40101 SET @saved_cs_client     = @@character_set_client */;
/*!40101 SET character_set_client = utf8 */;
CREATE TABLE `map_role_user` (
  `role_id` int(11) NOT NULL,
  `user_id` int(11) DEFAULT NULL,
  KEY `FK_map_role_user` (`role_id`),
  CONSTRAINT `FK_map_role_user` FOREIGN KEY (`role_id`) REFERENCES `roles` (`role_id`)
) ENGINE=InnoDB DEFAULT CHARSET=utf8 COLLATE=utf8_unicode_ci ROW_FORMAT=DYNAMIC;
/*!40101 SET character_set_client = @saved_cs_client */;

--
-- Dumping data for table `map_role_user`
--

LOCK TABLES `map_role_user` WRITE;
/*!40000 ALTER TABLE `map_role_user` DISABLE KEYS */;
INSERT INTO `map_role_user` VALUES (1,1);
/*!40000 ALTER TABLE `map_role_user` ENABLE KEYS */;
UNLOCK TABLES;

--
-- Table structure for table `menu_items`
--

DROP TABLE IF EXISTS `menu_items`;
/*!40101 SET @saved_cs_client     = @@character_set_client */;
/*!40101 SET character_set_client = utf8 */;
CREATE TABLE `menu_items` (
  `menu_item_id` int(11) NOT NULL AUTO_INCREMENT,
  `menu_id` int(11) DEFAULT NULL,
  `link` varchar(256) DEFAULT NULL,
  `in_new_tab` tinyint(1) DEFAULT NULL,
  `item_position` mediumint(5) DEFAULT NULL,
  `icon` varchar(32) DEFAULT NULL,
  `enabled` tinyint(1) DEFAULT '1',
  `name` varchar(64) DEFAULT NULL,
  `description` varchar(512) DEFAULT NULL,
  `lang` char(10) DEFAULT NULL,
  PRIMARY KEY (`menu_item_id`),
  KEY `menu_id` (`menu_id`)
) ENGINE=MyISAM AUTO_INCREMENT=27 DEFAULT CHARSET=utf8;
/*!40101 SET character_set_client = @saved_cs_client */;

--
-- Dumping data for table `menu_items`
--

LOCK TABLES `menu_items` WRITE;
/*!40000 ALTER TABLE `menu_items` DISABLE KEYS */;
INSERT INTO `menu_items` VALUES (26,1,'/content/e_reverse_osmosis.html',0,2,NULL,1,'Бытовые системы очистки воды','Бытовые системы очистки воды','ru'),(24,1,'',0,3,NULL,1,'test 3','test 3','en'),(25,1,'/content/water.html',0,1,NULL,1,'Вода','Вода','ru'),(22,1,'/',0,4,NULL,1,'test 1','test 1','en'),(23,1,'/',0,2,NULL,1,'test 2','test 2','en'),(21,1,'',0,NULL,NULL,1,'Галоуная','На галоуную','ua'),(20,1,'',0,1,NULL,1,'Main','main page','en');
/*!40000 ALTER TABLE `menu_items` ENABLE KEYS */;
UNLOCK TABLES;

--
-- Table structure for table `menus`
--

DROP TABLE IF EXISTS `menus`;
/*!40101 SET @saved_cs_client     = @@character_set_client */;
/*!40101 SET character_set_client = utf8 */;
CREATE TABLE `menus` (
  `menu_id` int(11) NOT NULL AUTO_INCREMENT,
  `name` varchar(32) NOT NULL,
  `description` varchar(512) NOT NULL,
  `locked` tinyint(1) DEFAULT '0',
  `lang` char(10) DEFAULT NULL,
  PRIMARY KEY (`menu_id`)
) ENGINE=MyISAM AUTO_INCREMENT=3 DEFAULT CHARSET=utf8;
/*!40101 SET character_set_client = @saved_cs_client */;

--
-- Dumping data for table `menus`
--

LOCK TABLES `menus` WRITE;
/*!40000 ALTER TABLE `menus` DISABLE KEYS */;
INSERT INTO `menus` VALUES (1,'main','Что за нах',1,NULL);
/*!40000 ALTER TABLE `menus` ENABLE KEYS */;
UNLOCK TABLES;

--
-- Table structure for table `news`
--

DROP TABLE IF EXISTS `news`;
/*!40101 SET @saved_cs_client     = @@character_set_client */;
/*!40101 SET character_set_client = utf8 */;
CREATE TABLE `news` (
  `news_id` int(11) NOT NULL AUTO_INCREMENT,
  `title` varchar(150) COLLATE utf8_unicode_ci NOT NULL,
  `annotation` varchar(500) COLLATE utf8_unicode_ci NOT NULL,
  `body` text COLLATE utf8_unicode_ci NOT NULL,
  `category_id` int(11) DEFAULT NULL,
  `user_id` int(11) NOT NULL,
  `updated_by` int(11) NOT NULL,
  `date_posted` datetime NOT NULL,
  `updated_date` datetime NOT NULL,
  `top_news` tinyint(4) NOT NULL,
  `source` varchar(40) COLLATE utf8_unicode_ci DEFAULT NULL,
  `source_link` varchar(40) COLLATE utf8_unicode_ci DEFAULT NULL,
  `views` int(11) NOT NULL DEFAULT '0',
  `rating` int(11) DEFAULT '0',
  `votes` int(11) DEFAULT '0',
  PRIMARY KEY (`news_id`)
) ENGINE=InnoDB DEFAULT CHARSET=utf8 COLLATE=utf8_unicode_ci ROW_FORMAT=DYNAMIC;
/*!40101 SET character_set_client = @saved_cs_client */;

--
-- Dumping data for table `news`
--

LOCK TABLES `news` WRITE;
/*!40000 ALTER TABLE `news` DISABLE KEYS */;
/*!40000 ALTER TABLE `news` ENABLE KEYS */;
UNLOCK TABLES;

--
-- Table structure for table `news_category`
--

DROP TABLE IF EXISTS `news_category`;
/*!40101 SET @saved_cs_client     = @@character_set_client */;
/*!40101 SET character_set_client = utf8 */;
CREATE TABLE `news_category` (
  `category_id` tinyint(4) NOT NULL AUTO_INCREMENT,
  `parent_id` int(11) NOT NULL DEFAULT '0',
  `name` text COLLATE utf8_unicode_ci NOT NULL,
  PRIMARY KEY (`category_id`)
) ENGINE=MyISAM DEFAULT CHARSET=utf8 COLLATE=utf8_unicode_ci;
/*!40101 SET character_set_client = @saved_cs_client */;

--
-- Dumping data for table `news_category`
--

LOCK TABLES `news_category` WRITE;
/*!40000 ALTER TABLE `news_category` DISABLE KEYS */;
/*!40000 ALTER TABLE `news_category` ENABLE KEYS */;
UNLOCK TABLES;

--
-- Table structure for table `pages`
--

DROP TABLE IF EXISTS `pages`;
/*!40101 SET @saved_cs_client     = @@character_set_client */;
/*!40101 SET character_set_client = utf8 */;
CREATE TABLE `pages` (
  `page_id` int(4) NOT NULL AUTO_INCREMENT,
  `link` varchar(255) COLLATE utf8_unicode_ci NOT NULL,
  `category_id` tinyint(4) DEFAULT NULL,
  `user_id` int(4) NOT NULL,
  `updated_by` tinyint(4) NOT NULL,
  `date_posted` datetime NOT NULL,
  `updated_date` datetime NOT NULL,
  `moderated` smallint(6) NOT NULL DEFAULT '0',
  `annotation` varchar(500) COLLATE utf8_unicode_ci NOT NULL,
  `views` int(11) NOT NULL DEFAULT '0',
  `rating` int(11) DEFAULT '0',
  `votes` int(11) DEFAULT '0',
  PRIMARY KEY (`page_id`),
  KEY `FK_publications` (`category_id`),
  KEY `FK_publications_users` (`user_id`)
) ENGINE=InnoDB AUTO_INCREMENT=4 DEFAULT CHARSET=utf8 COLLATE=utf8_unicode_ci ROW_FORMAT=COMPACT;
/*!40101 SET character_set_client = @saved_cs_client */;

--
-- Dumping data for table `pages`
--

LOCK TABLES `pages` WRITE;
/*!40000 ALTER TABLE `pages` DISABLE KEYS */;
INSERT INTO `pages` VALUES (1,'Test_1.html',NULL,1,0,'2011-02-27 20:18:14','0000-00-00 00:00:00',0,'',0,0,0),(2,'Main_page.html',NULL,1,0,'2015-07-30 13:51:23','0000-00-00 00:00:00',0,'',0,0,0),(3,'Regional.html',NULL,1,0,'2016-02-29 18:15:29','0000-00-00 00:00:00',0,'',3251,0,0);
/*!40000 ALTER TABLE `pages` ENABLE KEYS */;
UNLOCK TABLES;

--
-- Table structure for table `pages_category`
--

DROP TABLE IF EXISTS `pages_category`;
/*!40101 SET @saved_cs_client     = @@character_set_client */;
/*!40101 SET character_set_client = utf8 */;
CREATE TABLE `pages_category` (
  `category_id` int(11) NOT NULL AUTO_INCREMENT,
  `parent_id` int(11) NOT NULL DEFAULT '0',
  `name` varchar(256) COLLATE utf8_unicode_ci NOT NULL,
  `icon` varchar(256) COLLATE utf8_unicode_ci DEFAULT NULL,
  `description` text COLLATE utf8_unicode_ci,
  PRIMARY KEY (`category_id`)
) ENGINE=InnoDB DEFAULT CHARSET=utf8 COLLATE=utf8_unicode_ci;
/*!40101 SET character_set_client = @saved_cs_client */;

--
-- Dumping data for table `pages_category`
--

LOCK TABLES `pages_category` WRITE;
/*!40000 ALTER TABLE `pages_category` DISABLE KEYS */;
/*!40000 ALTER TABLE `pages_category` ENABLE KEYS */;
UNLOCK TABLES;

--
-- Table structure for table `pages_info`
--

DROP TABLE IF EXISTS `pages_info`;
/*!40101 SET @saved_cs_client     = @@character_set_client */;
/*!40101 SET character_set_client = utf8 */;
CREATE TABLE `pages_info` (
  `page_id` int(11) NOT NULL,
  `lang` char(5) NOT NULL,
  `title` varchar(255) DEFAULT NULL,
  `description` varchar(255) DEFAULT NULL,
  `body` text,
  `keywords` varchar(255) DEFAULT NULL,
  PRIMARY KEY (`page_id`,`lang`)
) ENGINE=MyISAM DEFAULT CHARSET=utf8;
/*!40101 SET character_set_client = @saved_cs_client */;

--
-- Dumping data for table `pages_info`
--

LOCK TABLES `pages_info` WRITE;
/*!40000 ALTER TABLE `pages_info` DISABLE KEYS */;
INSERT INTO `pages_info` VALUES (1,'ru','Test 1 ru','Test 1 ru','<p>Test 1 ru</p>','Test 1 ru'),(1,'ua','Test 1 ua','Test 1 ua','<p>Test 1 ua</p>','Test 1 ua'),(1,'en','Test 1','Test 1','<p>Test 1</p>','Test 1'),(2,'en','What is Shellac (Shellac) from CND?','Shellac Шеллак','<p>&nbsp;</p>\r\n<p>Shellac (Shellac) - the first hybrid nail polish and gel that combines the best features of professional nail polish (ease of blending, glitter, rich colors) and advanced modeling gels (no odor, wearability, non-destructive).</p>\r\n<p>Shellac (Shellac) - as opposed to the gel is removed as a nail in a matter of minutes without sawing through a special liquid for removal of artificial nails. The drug does not damage the natural nails and does not require a break in wearing.</p>\r\n<p>&nbsp;</p>','Shellac Шеллак'),(2,'ua','Що таке Shellac (Шелак) від CND?','Shellac Шеллак','<p>&nbsp;</p>\r\n<p>Shellac (Шелак) - перший гібрид лаку і гелю, що поєднує в собі найкращі властивості професійних лаків для нігтів (простота накладення, яскравий блиск, багатство кольору) і сучасних моделюючих гелів (відсутність запаху, носибельність, нестіраемость).</p>\r\n<p>&nbsp;</p>\r\n<p>Носиться як гель, виглядає як лак, знімається за лічені хвилини, зміцнює і захищає нігті, гіпоалергенний, створений за формулою 3 FREE, не містить дибутилфталат, толуолу, формальдегіду і його смол - все це Shellac!</p>\r\n<p>&nbsp;</p>\r\n<p>Shellac (Шелак) - на відміну від гелю, видаляється як лак в лічені хвилини без додаткового спилювання за допомогою спеціальної рідини для зняття штучних нігтів. Препарат не пошкоджує натуральні нігті і не вимагає перерви в носінні.</p>\r\n<p>&nbsp;</p>','Shellac Шеллак'),(2,'ru','В продаже только оригинальный Shellac от CND!','Shellac Шеллак','<h1><span style=\\\"font-family: Verdana, Arial, Tahoma, Helvetica, sans-serif;\\\"><span style=\\\"font-size: 12px; line-height: 12.8400001525879px;\\\">Что такое &nbsp;Shellac (Шеллак) от CND?&nbsp;</span></span></h1>\r\n<p><strong style=\\\"font-family: Verdana, Arial, Tahoma, Helvetica, sans-serif; font-size: 12px;\\\">Shellac (Шеллак)</strong><span style=\\\"font-family: Verdana, Arial, Tahoma, Helvetica, sans-serif; font-size: 12px;\\\">&nbsp;&ndash; первый гибрид лака и геля, сочетающий в себе самые лучшие свойства профессиональных лаков для ногтей (простота наложения, яркий блеск, богатство цвета) и современных моделирующих гелей (отсутствие запаха, носибельность, нестираемость).&nbsp;</span><br style=\\\"font-family: Verdana, Arial, Tahoma, Helvetica, sans-serif; font-size: 12px;\\\" /><br style=\\\"font-family: Verdana, Arial, Tahoma, Helvetica, sans-serif; font-size: 12px;\\\" /><strong style=\\\"font-family: Verdana, Arial, Tahoma, Helvetica, sans-serif; font-size: 12px;\\\">Shellac (Шеллак)</strong><span style=\\\"font-family: Verdana, Arial, Tahoma, Helvetica, sans-serif; font-size: 12px;\\\">&nbsp;- в отличии от геля, удаляется как лак в считанные минуты без дополнительного спиливания с помощью специальной жидкости для снятия искусственных ногтей. Препарат не повреждает натуральные ногти и не требует перерыва в ношении.</span></p>','Shellac Шеллак'),(3,'en','Regional representatives','Regional representatives','<p>&nbsp;</p>\r\n<p>&nbsp;</p>','Regional representatives'),(3,'ru','Региональные представители','Региональные представители','<p>Минск</p>','Региональные представители'),(3,'ua','Регіональні представники','Регіональні представники','<p>Росія: ТОВ \\\"Євро-Сіті\\\" м. Москва, вул. Шосе Ентузіастів 31б.</p>','Регіональні представники');
/*!40000 ALTER TABLE `pages_info` ENABLE KEYS */;
UNLOCK TABLES;

--
-- Table structure for table `product_categories`
--

DROP TABLE IF EXISTS `product_categories`;
/*!40101 SET @saved_cs_client     = @@character_set_client */;
/*!40101 SET character_set_client = utf8 */;
CREATE TABLE `product_categories` (
  `category_id` int(11) unsigned NOT NULL AUTO_INCREMENT,
  `name_ua` varchar(255) DEFAULT NULL,
  `name_ru` varchar(255) DEFAULT NULL,
  `name` varchar(255) NOT NULL,
  `parent_id` int(11) DEFAULT '0',
  PRIMARY KEY (`category_id`)
) ENGINE=MyISAM AUTO_INCREMENT=53 DEFAULT CHARSET=utf8;
/*!40101 SET character_set_client = @saved_cs_client */;

--
-- Dumping data for table `product_categories`
--

LOCK TABLES `product_categories` WRITE;
/*!40000 ALTER TABLE `product_categories` DISABLE KEYS */;
INSERT INTO `product_categories` VALUES (32,'Переваги','Преимущества','Advantages',0),(33,'Кольори','Цвета','Colours',0),(30,'Базове покриття','Базовое покрытие','Base Сoat',0),(34,'Верхнє покриття','Верхнее покрытие','Top coat',0),(35,'Рідина для видалення','Сопутствующие жидкости','Remover',0),(52,'Оплата і доставка','Оплата и доставка','Payment and delivery',0),(44,'Семінар з нанесення','Семинар по нанесению','Workshop on Application',0),(27,'Інструкція з нанесення','Инструкция по нанесению','Application Instructions',0),(39,'Інструкція з видалення','Инструкция по удалению','How to remove',0),(40,'Витрата матеріалів ','Расход материалов','Сonsumption of materials ',0),(41,'','Стартовый набор','Starter kit',0),(43,'Фото робiт','Фото работ','Photo papers',0);
/*!40000 ALTER TABLE `product_categories` ENABLE KEYS */;
UNLOCK TABLES;

--
-- Table structure for table `products`
--

DROP TABLE IF EXISTS `products`;
/*!40101 SET @saved_cs_client     = @@character_set_client */;
/*!40101 SET character_set_client = utf8 */;
CREATE TABLE `products` (
  `product_id` int(11) unsigned NOT NULL AUTO_INCREMENT,
  `category_id` int(11) NOT NULL,
  `views` int(11) DEFAULT '0',
  `image` varchar(255) DEFAULT NULL,
  PRIMARY KEY (`product_id`)
) ENGINE=MyISAM AUTO_INCREMENT=343 DEFAULT CHARSET=utf8;
/*!40101 SET character_set_client = @saved_cs_client */;

--
-- Dumping data for table `products`
--

LOCK TABLES `products` WRITE;
/*!40000 ALTER TABLE `products` DISABLE KEYS */;
INSERT INTO `products` VALUES (96,32,0,NULL),(98,32,0,NULL),(99,32,0,NULL),(100,32,0,NULL),(101,32,0,NULL),(102,32,0,NULL),(103,32,0,NULL),(104,32,0,NULL),(105,32,0,NULL),(106,32,0,NULL),(107,32,0,NULL),(108,32,0,NULL),(109,32,0,NULL),(110,32,0,NULL),(112,27,0,NULL),(113,27,0,'a85cff99ba32833f9ea9eaf4a0d55371.jpg'),(114,27,0,'fa2cdac08f05f4cd774e3c86e619356c.jpg'),(115,27,0,'e59cb831a48beac13b1fbefd9d644958.jpg'),(116,27,0,'46c075bb7a0cdd19b3e6a347d057b5f4.jpg'),(117,39,0,'11d8331971f5bf373076942bf09d4d14.jpg'),(118,40,0,'31a4b3a3cb3983176fd2025a6a01df9a.jpg'),(119,40,0,'57a6ade2644bbfd9ce34d9fa181680c5.jpg'),(120,40,0,'0452858431c1ebd922553545fb195828.jpg'),(121,40,0,'db5b2b8b6c90a366c041a0467e33f055.jpg'),(122,40,0,'62ab5a5a0caca47b62e91cc3e0fc2b34.jpg'),(123,40,0,'ecb9d7903ee6aa4a6cf435489f6264e6.jpg'),(124,33,0,'9768dc1105b1f458c2d258b1e81f2f93.jpg'),(125,33,0,'8aecc01fed1d475db234cecb78afb9a3.jpg'),(126,33,0,'bdaccc35b17327802139587318caf438.jpg'),(127,33,0,'2dde01714c95bfce61eb89ce3a760abf.jpg'),(128,33,0,'e972ae40fc8853e5c31eab01d16db7fb.jpg'),(129,33,0,'2ef616cb066ba044bd7fffc67bd26dfd.jpg'),(130,33,0,'ce6fa76ea4eb9b8117cfcaaca8712218.jpg'),(131,33,0,'9da29749fcdaf4e3b6ca91372206c3e1.jpg'),(132,33,0,'88900609a748695bc8fe5c9fc8934189.jpg'),(133,33,0,'052c9cbba0f9166a2ffb953bc74194c9.jpg'),(134,33,0,'da021d50216ebdf103450a0bb675da12.jpg'),(135,33,0,'58fd01127cb9d8806063be3c5129ae7d.jpg'),(136,33,0,'2d43851ccd4f6d305159b75252d62017.jpg'),(137,33,0,'cfb32726155f32489c1de73d0669bf90.jpg'),(138,33,0,'94d0cbc6b444a9b70630819efc492128.jpg'),(139,33,0,'38338cb0790b1fdce3b7814520678439.jpg'),(140,30,0,'0d8a8654befccf2553963df593ec97b5.jpg'),(141,30,0,'00e73a814f56796166c4a836150422d5.jpg'),(142,34,0,'36588d400a41340b568003a0b17d7f2f.jpg'),(143,34,0,'eece2eeac464ad12fc9072d792deed86.jpg'),(144,35,0,'f8010c6d821b3c6c897e5a86cf827bde.jpg'),(145,35,0,'62ab5a5a0caca47b62e91cc3e0fc2b34.jpg'),(146,35,0,'0fa2477fccc16b6eae861572de48a2ce.jpg'),(147,35,0,'e84c8010ce0a9e83a1ec21484585d197.jpg'),(148,35,0,'06ab4729f36e586468d86047feae1d89.jpg'),(149,33,0,'76b9bccc92734c5b68df2ab6fb918faf.jpg'),(150,33,0,'a269962fe1424e1ca3e68c328b9fed61.jpg'),(312,43,0,'2c7f0e0ec55a91f9397cd9c491961c57.jpg'),(155,33,0,'fd107bec4a5eaaed6441a46280dcc929.jpg'),(159,33,0,'36bec2b148637723165ed9d633a7d980.jpg'),(161,33,0,'8e1d9b7c546278946c8221ae4f3cf7a1.jpg'),(180,33,0,'1167610aa17b0813233fe82d99403e41.jpg'),(166,33,0,'156005c5baf40ff51a327f1c34f2975b.jpg'),(167,33,0,'c7588853d975607658e9c3a1aa5a0dc0.jpg'),(168,33,0,'84beeb30b04e80d8b6e57c433e1ea25a.jpg'),(181,33,0,'648b9906a614a4bb30c20591243c65ec.jpg'),(170,33,0,'18e2999891374a475d0687ca9f989d83.jpg'),(171,33,0,'fe5df232cafa4c4e0f1a0294418e5660.jpg'),(172,33,0,'8cda81fc7ad906927144235dda5fdf15.jpg'),(173,33,0,'30e62fddc14c05988b44e7c02788e187.jpg'),(174,33,0,'ae566253288191ce5d879e51dae1d8c3.jpg'),(175,33,0,'f8ab97b659859b9307fd1f01fac42b45.jpg'),(176,33,0,'8df7b73a7820f4aef47864f2a6c5fccf.jpg'),(198,41,0,NULL),(178,33,0,'44a08a5b659fda7ea7aea2255ab229cb.jpg'),(182,33,0,'443bc73df2ecc7a7c045a30d9e4b28f8.jpg'),(183,33,0,'cf5793938b321b67b3b667655b375703.jpg'),(196,33,0,'132d80f15d024d999cdef7a6199f6e95.jpg'),(197,33,0,'266694f8c6f6a9aa9612cdc24a91f488.jpg'),(187,33,0,'e25418821200a0f7c8f9f81b22d21691.jpg'),(188,33,0,'e3e6f22244e557f1758d397a98734145.jpg'),(189,33,0,'f0d0b070be593820651230120b0374be.jpg'),(190,33,0,'853b031a43495200d111d6f5239398a3.jpg'),(195,33,0,'afc7b4188d014e56fe8c202e5a67ff72.jpg'),(194,33,0,'584440d179d1d2c732fa14fc4a4b120b.jpg'),(199,41,0,'3596f9cdca919f7662684400863fea3e.jpg'),(200,41,0,'ddf54128da92ba7da869cdd0cb16c4eb.jpg'),(201,41,0,'57a6ade2644bbfd9ce34d9fa181680c5.jpg'),(202,41,0,'0452858431c1ebd922553545fb195828.jpg'),(203,41,0,'71b8b4f077a9479607e810e7db38863b.jpg'),(204,41,0,'ecb9d7903ee6aa4a6cf435489f6264e6.jpg'),(313,43,0,'6f098d92e583d8b2082a52f22ff8fc29.jpg'),(206,33,0,'67fd48af1b1a761bd9d44bc6ad327c30.jpg'),(207,33,0,'b967479f3bb8af2269357eab11303440.jpg'),(208,33,0,'3b82b6e2e9f62bcaac7bb7dfe0be9c18.jpg'),(209,33,0,'90056cd80c34798d9a6ad1a30bc8aba8.jpg'),(210,33,0,'3f2feb70ac488200c02e2773923f0c95.jpg'),(211,33,0,'57272379f421d6c367c56f210e5da7a6.jpg'),(212,33,0,'127f84be1abb1070ec963a1f8bb95a3a.jpg'),(213,33,0,'98182198eff6f28f79935a05676aaede.jpg'),(214,33,0,'20220449b85fd723cd3af6809e58cd47.jpg'),(216,43,0,'4c8c697bbc60ead4c7c5cf4505cce62a.jpg'),(310,41,0,'f07b5b844f2ddfebed760203aa6848a2.jpg'),(218,43,0,'62db133f6c3df13904e1a23083492596.jpg'),(326,43,0,'9bac09b093012136ce171aca65db2532.jpg'),(325,43,0,'79be959454e09e7dda809892878d20e3.jpg'),(324,43,0,'4596bd5d6fcebccab7c54579f5b94a0f.jpg'),(323,43,0,'dc8928d12a97c29c93613d6a37964c34.jpg'),(223,43,0,'3afbebbb980c516df4da344d7dbf6cec.jpg'),(225,43,0,'bb3fb07790902d614f283fd1123ceb64.jpg'),(226,43,0,'6f1e1b897f2245c87dc4b9b2b4a45947.jpg'),(227,43,0,'bcc578182895ee86ce41c05d69d56376.jpg'),(228,43,0,'41cae4a253232273c5f8175fc5766d51.jpg'),(229,43,0,'54964b8ab3ab3326a0196d137d68c728.jpg'),(322,43,0,'9eaa25945f530ebe8a9d882509ab8a0e.jpg'),(231,43,0,'92612686bd054e0b08aa4f01470cf7fa.jpg'),(232,43,0,'2f21342b138af14486f2e06062e8e340.jpg'),(233,43,0,'4131efc7e3eba96ff58bf0590249bbc5.jpg'),(234,43,0,'d968a42f9e0d39e592171cc04572db4c.jpg'),(235,43,0,'0559c794d2f1548d229750f244397420.jpg'),(236,43,0,'e150f8e1ca66e704b53db4c0abfdf80a.jpg'),(237,43,0,'8b3b8813867b4c933d880d72152895cf.jpg'),(238,43,0,'6fc6c64587b4787d4a4b832b157a3a5e.jpg'),(239,43,0,'76cbfef4149af92f6f3633868448dc0e.jpg'),(240,43,0,'ef6c26090094bcd9aac599de75301e5f.jpg'),(241,43,0,'8a499b2319fc9efbbe251f0cd179de07.jpg'),(242,33,0,'93e924872e28bdeb87e019d5e6d5200b.jpg'),(243,43,0,'3512367e84c879d5a3bc02b68704f5db.jpg'),(244,43,0,'7fc6cac9d0856ee8939f3b0a64e50521.jpg'),(245,43,0,'f4c1bbd7d265f2eb3eb755b2927f1f4e.jpg'),(246,43,0,'536d47888d54d92103e01eafb50fb6b6.jpg'),(247,43,0,'6c2249e51f88992a86eff4c18702870a.jpg'),(248,43,0,'fc8338f46ebf3a673f965875ac69e91e.jpg'),(249,43,0,'a7e8dd91d8e1932893a0254fd1e545b0.jpg'),(251,44,0,'65cf7b7553dc78d5e3d146b34e331778.jpg'),(252,44,0,'2f3e85a139fa22e4a49d4a435dfdd273.jpg'),(253,44,0,'493ac9417379db0a77e2dab0b6290551.jpg'),(254,44,0,'b4926394b76d10d62d4df14de63297fb.jpg'),(255,43,0,'52738f0d2df3d3e04c400423686d1a1e.jpg'),(256,33,0,'18f6697ee41ecce37c0f76691ba6efa0.jpg'),(257,33,0,'a21f74ed46513c4c0b95a6113d5362c5.jpg'),(258,33,0,'ff1f7ce3c769fc5492e5c12a85dc360e.jpg'),(259,33,0,'4aeda7d230a59a9196b50ad80a6ff4d2.jpg'),(260,33,0,'cfb71f935162c00c01dcfa321bfdc702.jpg'),(261,33,0,'a7cb33c37871177f0dc88d1790a49f75.jpg'),(262,33,0,'59231746e6903991d520f46e6c7b5d40.jpg'),(263,35,0,'a77ecad21ca7da6039a3fcdb84a614e7.jpg'),(264,43,0,'b01b8d7c544162ebe702a402e7f59285.jpg'),(265,43,0,'e906f0678027fdb22ef4ddea5363b745.jpg'),(266,43,0,'0104500ff8b180f7e33bfb10bef960c5.jpg'),(267,43,0,'02cd0b61acb1028f73fdb889ac71b0ed.jpg'),(268,43,0,'0de762275ca497210718ed41e6e175f3.jpg'),(269,43,0,'634b184143b2b9867c3a720c074bc665.jpg'),(270,43,0,'d5a0ab30d42dd40b6a2e978191ba550f.jpg'),(271,33,0,'313663127faf49c68d5db00c36dd66b4.jpg'),(272,33,0,'7af5361efea49f40bac2149bd29d7720.jpg'),(273,33,0,'c6cb471410aeaaa6731ef4c3bb1490ad.jpg'),(274,33,0,'3da4c0c20bcb90938753c1f5b4f6a345.jpg'),(275,33,0,'5837e21a44039a458c3349b9c9577223.jpg'),(278,52,0,'442c737edcfa2eb0feeb57511068d61c.jpg'),(277,52,0,'134166cbbb3aa78cb0865b8c0dff70e2.jpg'),(279,33,0,'73e0fcac4e5f9438f30a5f152dd763dd.jpg'),(280,43,0,'615525936e44ebaea589015121658c31.jpg'),(281,43,0,'766791d7a056b5589f02e6e481a3913a.jpg'),(282,33,0,'c0bb2a3562db36994529978e80ef8c9d.jpg'),(283,33,0,'564ea64d6a0c54ce3ff443568aea4f07.jpg'),(284,33,0,'c6681d0775bf377cda27a3758d140485.jpg'),(285,33,0,'95bb847c5aeb94f2f6da4942571bda96.jpg'),(286,43,0,'a82b564c09740a72cfa6e932b9775680.jpg'),(287,43,0,'e46c58263cd666fe4796d0cd38cb12e2.jpg'),(288,43,0,'65321d9862b62414d0c19d02458e546f.jpg'),(289,43,0,'862afc89bc840e232a419300bed417fa.jpg'),(290,43,0,'9431165829046d768d00deb60c3b171f.jpg'),(291,35,0,'6e82681c608dbd944254c4cc451bcbea.jpg'),(292,33,0,'013ccccd914c31d2c7055f4f0e61541f.jpg'),(293,33,0,'200a4c988b56721132345359e36a2b85.jpg'),(294,33,0,'d5ceccaebaf62dc0645d03ecb31c2373.jpg'),(295,33,0,'7b23d73d6e065f21b4ac6da7ce4c6dd3.jpg'),(296,33,0,'7878702019708db092dde5314b3ca93f.jpg'),(297,33,0,'05718728e6aa6d23c1ff66b8f2f8cfcb.jpg'),(298,43,0,'ef7157e7781be82b95e2118a67404d3d.jpg'),(299,43,0,'2792fa4c353f2caddadf8f321f72e42a.jpg'),(300,43,0,'ae4eb850baa76d387635108d41679155.jpg'),(305,43,0,'5540b541bcb70320020bc3fbcef06d90.jpg'),(302,43,0,'94c2701d3674ae81d17e9c0a912c6b8b.jpg'),(303,43,0,'c76d3204139811c33dcaf5e94f1d4d84.jpg'),(304,43,0,'b182f7a5bd0bfca33af014aeaaf693ed.jpg'),(306,33,0,'8b6cb94088135a57e9da799b2977cdbf.jpg'),(307,43,0,'bd8af41e9fe964a8363b4c622a3503b7.jpg'),(308,43,0,'169e71e3c5934f92ab5ec1f70d95c8e5.jpg'),(311,41,0,NULL),(314,43,0,'814ec551440de73778877bdd7ca56165.jpg'),(315,43,0,'f6e5e773f4a914f986bfa91795b02805.jpg'),(316,33,0,'94d6406dffc7613de63e9cbfc2b9a93d.jpg'),(317,33,0,'eb0991c84953428fd901e1829012a876.jpg'),(318,33,0,'9c6736a8820b56a975af2f756225cc32.jpg'),(319,33,0,'f7e8475ac2ab17d01fa067931e338f8d.jpg'),(320,43,0,'e06919984d2b47ae87b89767c16cd60b.jpg'),(321,43,0,'4dd6e75142958e5e263dd045d463c700.jpg'),(327,33,0,'030d7e8e966169ab4c7f67c291c333f4.jpg'),(328,33,0,'a631454341699c7cdaad08f7aea3dc78.jpg'),(329,33,0,'648b9906a614a4bb30c20591243c65ec.jpg'),(330,33,0,'434eceb06f902370263bbc3e9b10f093.jpg'),(331,33,0,'47085040c37fd69e59d6c5f355d02e5c.jpg'),(332,33,0,'8188af7a27b907c5897c060246627044.jpg'),(333,43,0,'9124af5125ad98c128db03fa0bead612.jpg'),(334,43,0,'13b6b9fa18aa3046883548c24d8ffc02.jpg'),(335,43,0,'c844e7b5ffd244dd926d74632c1e02fc.jpg'),(336,43,0,'6499835584b837f1a8b195b2f89dbf9a.jpg'),(337,34,0,'2811d8475fe7af68f51bec31bd1368f0.jpg'),(338,34,0,'7fdc1a630c238af0815181f9faa190f5.jpg'),(339,33,0,'d935a23053c85a9505eef7ff78e3cce2.jpg'),(340,33,0,'24c724251e74fdf859776f67a9723ec8.jpg'),(341,33,0,'daa79432b242c16e82493597a4d8c41f.jpg'),(342,33,0,'9876c9a3f300f29c8ee619765c1ad768.jpg');
/*!40000 ALTER TABLE `products` ENABLE KEYS */;
UNLOCK TABLES;

--
-- Table structure for table `products_info`
--

DROP TABLE IF EXISTS `products_info`;
/*!40101 SET @saved_cs_client     = @@character_set_client */;
/*!40101 SET character_set_client = utf8 */;
CREATE TABLE `products_info` (
  `product_id` int(11) NOT NULL,
  `lang` char(5) NOT NULL,
  `title` varchar(255) DEFAULT NULL,
  `description` text,
  `meta` varchar(255) DEFAULT NULL,
  `keywords` varchar(255) DEFAULT NULL,
  PRIMARY KEY (`product_id`,`lang`)
) ENGINE=MyISAM DEFAULT CHARSET=utf8;
/*!40101 SET character_set_client = @saved_cs_client */;

--
-- Dumping data for table `products_info`
--

LOCK TABLES `products_info` WRITE;
/*!40000 ALTER TABLE `products_info` DISABLE KEYS */;
INSERT INTO `products_info` VALUES (98,'en','WITHOUT STRIPPING NAIL AND USE PRIMER','Does not require prior preparation of nails, to perform the coating process only enough Shellac nails degidratatorom such as Scrub Fresh from CND.','',''),(98,'ru','БЕЗ ЗАЧИСТКИ НОГТЯ И ПРИМЕНЕНИЯ ПРАЙМЕРА','Не требует предварительной подготовки ногтей, для выполнения покрытия Shellac достаточно лишь обработать ногти дегидрататором, таким как Scrub Fresh от CND.','',''),(98,'ua','БЕЗ ЗАЧИСТКИ НІГТЯ І ЗАСТОСУВАННЯ ПРАЙМЕРЫВ','Не вимагає попередньої підготовки нігтів, для виконання покриття Shellac достатньо лише обробити нігті дегідрататором, таким як Scrub Fresh від CND.','',''),(99,'en','LOW COST','Due to the excellent opacity and minimum material consumption.','',''),(99,'ru','НИЗКАЯ СЕБЕСТОИМОСТЬ','Благодаря отличной кроющей способности и минимальному расходу материала.','',''),(99,'ua','НИЗЬКА СОБІВАРТІСТЬ','Завдяки відмінній покриває здатності і мінімальній витраті матеріалу.','',''),(100,'en','Strengthens nails','Shellac is an excellent tonic, it makes natural nails stronger and healthier, because it adds a soft and thin nails hardness and hard and brittle - flexibility.','',''),(100,'ru','УКРЕПЛЯЕТ НОГТИ','Shellac является прекрасным укрепляющим средством, он делает натуральные ногти более прочными и здоровыми, потому что он добавляет мягким и тонким ногтям твердость, а жестким и хрупким &ndash; гибкость.','',''),(100,'ua','ЗМІЦНЮЄ НІГТІ','Shellac є прекрасним зміцнює засобом, він робить натуральні нігті міцнішими і здоровішими, тому що він додає м\'яким і тонким нігтям твердість, а жорстким і крихким - гнучкість.','',''),(101,'en','Not burden NAILS','Shellac nails with a very light, like nails with nail polish, and heavier, as in the simulation.','',''),(101,'ru','НЕ УТЯЖЕЛЯЕТ НОГТИ','Ногти с Shellac очень легкие, подобно ногтям с лаком, и не утяжеляются, как при моделировании.','',''),(101,'ua','НЕ ОБТЯЖУЄ НІГТІ','Нігті з Shellac дуже легкі, подібно нігтям з лаком, і не утяжеляются, як при моделюванні.','',''),(102,'en','Consistent color','Modern technology allows Shellac coatings for 14 days to maintain the original color, no chipping or smearing, and do not fade in the sun.','',''),(102,'ru','ПОСТОЯНСТВО ЦВЕТА','Современная технология позволяет покрытиям Shellac в течение 14 дней сохранять первоначальный цвет, не скалываться и не смазываться, и не выгорать на солнце.','',''),(102,'ua','ПОСТІЙНІСТЬ КОЛЬОРУ','Сучасна технологія дозволяє покриттях Shellac протягом 14 днів зберігати первісний колір, що не сколюватися і не змазуватися, і не вигоряти на сонці.','',''),(103,'en','Speed ​​of service','Application Procedure Shellac takes only 45 minutes!','',''),(103,'ru','СКОРОСТЬ ОБСЛУЖИВАНИЯ','Процедура нанесения Shellac занимает всего 45 минут!','',''),(103,'ua','ШВИДКІСТЬ ОБСЛУГОВУВАННЯ','Процедура нанесення Shellac займає всього 45 хвилин!','',''),(104,'en','FAST and \\\'clean\\\' REMOVAL','Shellac covering does not require cutting of material removal, the drug is removed by \"soaking\" with the means to remove artificial nails, such as Product Remover in just 10 minutes. Cover \"breaks down into nuggets\", which are easily removed with the help of an orange stick.','',''),(104,'ru','БЫСТРОЕ И «ЧИСТОЕ» СНЯТИЕ','Покрытие Shellac не требует спиливания для снятия материала, препарат удаляется за счет &laquo;размачивания&raquo; с помощью средства для удаления искусственных ногтей, таким как Product Remover всего за 10 минут. Покрытие &laquo;распадается на крупицы&raquo;, которые легко снимаются с помощью апельсиновой палочки.','',''),(104,'ua','ШВИДКЕ І «ЧИСТЕ» ЗНЯТТЯ','Покриття Shellac не вимагає спилювання для зняття матеріалу, препарат видаляється за рахунок &laquo;розмочування&raquo; за допомогою засобу для видалення штучних нігтів, таким як Product Remover всього за 10 хвилин. Покриття &laquo;розпадається на крупиці&raquo;, які легко знімаються з допомогою палички.','',''),(105,'en','DURATION OF USE','Resistant, flexible and durable coating easily kept on nails for two weeks!','',''),(105,'ru','ПРОДОЛЖИТЕЛЬНОСТЬ НОСКИ','Стойкое, гибкое и прочное покрытие с легкостью держится на ногтях на протяжении двух недель!','',''),(105,'ua','ТРИВАЛІСТЬ ВИКОРИСТАННЯ','Стійке, гнучке і міцне покриття з легкістю тримається на нігтях протягом двох тижнів!','',''),(106,'en','GREAT LAYOUT','The new coating does not chip and stays on nails for two weeks, making it ideal for both manicure and pedicure.','',''),(106,'ru','ОТЛИЧНЫЙ ВНЕШНИЙ ВИД','Новое покрытие не скалывается и держится на ногтях на протяжении двух недель, что делает его идеальным, как для маникюра так и для педикюра.','',''),(106,'ua','ВІДМІННИЙ ЗОВНІШНІЙ ВИГЛЯД','Нове покриття не сколюється і тримається на нігтях протягом двох тижнів, що робить його ідеальним, як для манікюру так і для педикюру.','',''),(107,'en','Hypo-allergenic, NO ODOR','Shellac coating is odorless, so does not cause any discomfort to the client, not the master. Furthermore, the drug is gipollergenen.','',''),(107,'ru','ГИПОАЛЛЕРГЕННОСТЬ, ОТСУТСТВИЕ ЗАПАХА','Покрытие Shellac не имеет запаха, поэтому не доставляет дискомфорта ни клиенту, ни мастеру. Кроме этого, препарат абсолютно гиполлергенен.','',''),(107,'ua','ГІПОАЛЕРГЕННІСТЬ, ВІДСУТНІСТЬ ЗАПАХУ','Покриття Shellac не має запаху, тому не доставляє дискомфорту ні клієнту, ні майстру. Крім цього, препарат абсолютно гіполлергенен.','',''),(108,'en','EXCELLENT COVERAGE','Shellac does not leave stains and streaks on the nail plate, the coating is perfectly smooth, bright and shiny.','',''),(108,'ru','ОТЛИЧНАЯ КРОЮЩАЯ СПОСОБНОСТЬ','Shellac не оставляет разводов и полос на ногтевой пластине, покрытие получается идеально гладким, ярким и блестящим.','',''),(108,'ua','ВІДМІННА ПОКРИВАЄ','Shellac не залишає розлучень і смуг на нігтьової пластини, покриття виходить ідеально гладким, яскравим і блискучим.','',''),(109,'en','3 FREE','The absence of toluene, dibutyl phthalate, and formaldehyde resins.','',''),(109,'ru','3 FREE','Отсутствия толуола, дибутилфталата, формальдегида и его смол.','',''),(109,'ua','3 FREE','Відсутності толуолу, дибутилфталата, формальдегіду і його смол.','',''),(110,'en','DISADVANTAGES','Shellac shortcomings in the process of its use are minimal. Some disadvantages associated with the implementation of Shellac manicure at home. Drying and curing agents are available in the professional lamp with ultraviolet light. This moment does not allow the procedure to call home, and includes visits to Manicurist. Advantages of funds and the absence of its peers in the market make you forget about the cost of the procedure and the features of its holding).','',''),(110,'ru','НЕДОСТАТКИ','Недостатки Shellac в процессе его использования минимальны. Некоторые неудобства связаны с выполнением Шеллак-маникюра дома. Высыхание и полимеризация средства возможны в профессиональной лампе с ультрафиолетом. Этот момент пока не позволяет назвать процедуру домашней и предполагает посещение мастера по маникюру. Преимущества средства и отсутствие его аналогов на рынке заставляют забыть о стоимости процедуры и особенностях ее проведения).','',''),(110,'ua','НЕДОЛІКИ','Недоліки Shellac в процесі його використання мінімальні. Деякі незручності пов\'язані з виконанням Шелак-манікюру вдома. Висихання і полімеризація кошти можливі у професійній лампі з ультрафіолетом. Цей момент поки не дозволяє назвати процедуру домашньої та передбачає відвідини майстра з манікюру. Переваги кошти і відсутність його аналогів на ринку змушують забути про вартість процедури та особливості її проведення).','',''),(96,'en','EASY OVERLAY','It is applied like a regular nail polish brush from the bottle. Only hardens under UV lamp, so it is possible to adjust the polymerization at any time.','',''),(96,'ru','ПРОСТОТА НАЛОЖЕНИЯ','Наносится как обычный лак кисточкой из флакона. Застывает только под УФ-лампой, поэтому до полимеризации его можно скорректировать в любой момент.','',''),(96,'ua','ПРОСТОТА НАКЛАДАННЯ','Наноситься як звичайний лак пензликом з флакона. Застигає тільки під УФ-лампою, тому до полімеризації його можна скорегувати в будь-який момент.','',''),(112,'ru','Шаг - 1. Обезжиривание (ScrubFresh).','Перед процедурой покрытия ногтей УФ лаком Shellac необходимо обычным способом подготовить руки (либо ноги) сделав гигиенический маникюр (педикюр), а также обезжирить поверхность ногтя. Обезжирить ноготь можно с помощью средства ScrubFresh&trade; от CND.','','Шеллак Shellac CND'),(112,'ua','Крок - 1. Знежирення (ScrubFresh).','Перед процедурою покриття нігтів УФ лаком Shellac необхідно звичайним способом підготувати руки (або ноги) зробивши гігієнічний манікюр (педикюр), а також знежирити поверхню нігтя. Знежирити ніготь можна за допомогою засобу ScrubFresh &trade; від CND.','',''),(113,'ua','Крок - 2. Нанесення Базового шару (UV Base Coat).','Нанесіть тонким шаром Базовий шар Shellac UV Base Coat (основа), тримаючи при цьому пензлик паралельно поверхні нігтя (горизонтально). Це забезпечить нанесення необхідного тонкого шару. Перед нанесенням приберіть з пензлика надлишки матеріалу про горлечко флакона. Шар повинен бути дуже тонкий і рівномірно покриває всю поверхню нігтя від кутикули до краю.','',''),(113,'ru','Шаг - 2. Нанесение Базового слоя (UV Base Coat).','Нанесите тонким слоем&nbsp;Базовый слой Shellac UV Base Coat (основа), держа при этом кисточку параллельно поверхности ногтя (горизонтально). Это обеспечит нанесение необходимого тонкого слоя. Перед нанесением уберите с кисточки излишки материала о горлышко флакона. Слой должен быть очень тонкий и равномерно покрывающий всю поверхность ногтя от кутикулы до края.&nbsp;Зафиксируйте в УФ лампе 10 секунд.','','Шеллак Shellac CND'),(114,'ua','Крок - 3. Нанесення Кольорового покриття (UV Color Coat).','Нанесіть перший тонкий шар УФ лаку Shellac UV Color бажаного кольору.&nbsp;Зафіксуйте в УФ лампі 2 хвилини.&nbsp;Кожен шар повинен бути максимально тонким. Перед нанесенням приберіть надлишки матеріалу з кисті про край горлечка флакона.&nbsp;Нанесіть другий тонкий шар УФ лаку Shellac UV Color того ж (або іншого) кольору. Необхідно обов\'язково закрити колір профарбується тильний край нігтя (запечатати торець).&nbsp;Зафіксуйте в УФ лампі 2 хвилини.','',''),(114,'en','Step - 3. Color coating (UV Color Coat).','Apply a thin layer of UV varnish Shellac UV Color desired color. &nbsp; Fix the UV lamp for 2 minutes. &nbsp; Each layer should be as thin as possible. Before applying remove excess material from the brush on the edge of the neck of the bottle. &nbsp; Apply a second thin layer of UV varnish Shellac UV Color of the same (or different) colors. You should always close the color of paint over the rear edge of the nail (seal face). &nbsp; Fix the UV lamp for 2 minutes.','','Shellac Шеллак'),(114,'ru','Шаг - 3. Нанесение Цветного покрытия (UV Color Coat).','Нанесите&nbsp;первый тонкий&nbsp;слой&nbsp;УФ лака&nbsp;Shellac UV Color&nbsp;желаемого цвета. Зафиксируйте в УФ лампе 2 минуты. Каждый слой должен быть максимально тонким. Перед нанесением уберите излишки материала с кисти о край горлышка флакона. Нанесите&nbsp;второй тонкий&nbsp;слой&nbsp;УФ лака Shellac UV Color&nbsp;того же (или другого) цвета. Необходимо обязательно закрыть цвет прокрасив тыльный край ногтя (запечатать торец). Зафиксируйте в УФ лампе 2 минуты.','',''),(113,'en','Step - 2. Basecoat application (UV Base Coat).','Apply a thin layer of base coat Shellac UV Base Coat (base), while holding the brush parallel to the surface of the nail (horizontally). This application will provide the necessary thin layer. Before applying remove excess material from the brush on the neck of the bottle. The layer must be very thin and evenly covering the whole surface of the nail from cuticle to the edge.','',''),(112,'en','Step - 1. Degreasing (ScrubFresh).','Before the procedure, nail polish Shellac UV usual way to prepare your hands (or feet), making hygienic manicure (pedicure) and degrease the surface of the nail. Degrease the nail by using the tools ScrubFresh &trade; from CND.','',''),(115,'ru','Шаг - 4. Нанесение Закрепителя (UV Top Coat).','Нанесите &nbsp;обильно Закрепитель Shellac UV Top Coat. Необходимо покрыть всю поверхность ногтя, включая его край с тыльной стороны (запечатать торец ногтя).&nbsp;Зафиксируйте в УФ лампе 2 минуты.','',''),(115,'ua','Крок - 4. Нанесення закріплювача (UV Top Coat).','Нанесіть обильно Закрепитель Shellac UV Top Coat. Необхідно покрити всю поверхню нігтя, включаючи його край з тильного боку (запечатати торець нігтя).','',''),(116,'ua','Крок - 5. Зняття липкого шару (Cool Blue).','Наносимо препарат Сool Blue для зняття липкого шару на спонж і знімаємо липкий шар з нігтів. В кінці роботи на нігті наносимо масло для кутикули Solar Oil. Можна зробити масаж рук.','',''),(116,'en','Step - 5. Removing the sticky layer of (Cool Blue).','Apply the medication COOL Blue to remove the sticky layer on the sponge and remove the sticky layer of polish. At the end of your nails inflict Cuticle Oil Solar Oil. You can do a hand massage.','',''),(116,'ru','Шаг - 5. Снятие липкого слоя (Cool Blue).','Наносим препарат Сool Blue для снятия липкого слоя &nbsp;на спонж и снимаем липкий слой с ногтей. В конце работы на ногти наносим масло для кутикулы Solar Oil. Можно сделать массаж рук.','','Шеллак Shellac CND'),(117,'en','How to remove','','','Shellac Шеллак'),(117,'ru','Инструкция по удалению','','',''),(117,'ua','Інструкція з видалення','','',''),(118,'en','Basic coverage (Shellac UV Base Coat)','Basecoat (Shellac UV Base Coat) of 12.5 mL (0.42 Oz) sufficient to cover the nail plate 10 50 pairs of hands. &nbsp; Basecoat (Shellac UV Base Coat) of 7.3 ml (0.25 Oz) sufficient to cover the nail plate 10 25 pairs of hands.','','Shellac Шеллак'),(118,'ru','Базовое покрытие (Shellac UV Base Coat)','Базового покрытия (Shellac UV Base Coat) объемом 12.5 мл (0.42 Oz) хватает примерно на покрытие 10 ногтевых пластин 50-ти пар рук. Базового покрытия (Shellac UV Base Coat) объемом 7.3 мл (0.25 Oz) хватает примерно на покрытие 10 ногтевых пластин 25-ти пар рук.','',''),(118,'ua','Базове покриття (Shellac UV Base Coat)','Базового покриття (Shellac UV Base Coat) обсягом 12.5 мл (0.42 Oz) вистачає на покриття 10 нігтьових пластин 50 пар рук. &nbsp; Базового покриття (Shellac UV Base Coat) обсягом 7.3 мл (0.25 Oz) вистачає на покриття 10 нігтьових пластин 25 пар рук.','',''),(119,'ua','Верхнє покриття (Shellac TOP COAT Gel UV)','Верхнього покриття (Shellac TOP COAT Gel UV) обсягом 15 мл (0.5 Oz) вистачає на покриття 10 нігтьових пластин 40 пар рук. &nbsp; Верхнього покриття (Shellac TOP COAT Gel UV) обсягом 7.3 мл (0.25 Oz) вистачає на покриття 10 нігтьових пластин 20 пар рук.','',''),(119,'en','Topcoat (Shellac TOP COAT Gel UV)','Topcoat (Shellac TOP COAT Gel UV) 15 ml (0.5 Oz) sufficient to cover the nail plate 10 40 pairs of hands. &nbsp; Topcoat (Shellac TOP COAT Gel UV) volume of 7.3 ml (0.25 Oz) sufficient to cover the nail plate 10 20 pairs of hands.','',''),(119,'ru','Верхнее покрытие (Shellac TOP COAT Gel UV)','Верхнего покрытия (Shellac TOP COAT Gel UV) объемом 15 мл (0.5 Oz) хватает примерно на покрытие 10 ногтевых пластин 40-ка пар рук. Верхнего покрытия (Shellac TOP COAT Gel UV) объемом 7.3 мл (0.25 Oz) хватает примерно на покрытие 10 ногтевых пластин 30-ти пар рук.','','Шеллак Shellac CND'),(120,'ua','Кольори (UV COLOR COAT)','Кольорового покриття (UV COLOR COAT) обсягом 7.3 мл (0.25 fl Oz) вистачає на покриття 10 нігтьових пластин 15 - 20 пар рук (залежно від щільності кольору (рідини).','','Shellac Шеллак'),(120,'en','Color (UV COLOR COAT)','Color coating (UV COLOR COAT) of 7.3 ml (0.25 fl Oz) sufficient to cover the nail plate 10 15 - 20 pairs of hands (depending on the density of color (liquid).','',''),(120,'ru','Цвета (UV COLOR COAT)','Цветного покрытия (UV COLOR COAT)&nbsp;объемом 7.3 мл (0.25 fl Oz) хватает примерно на покрытие 10 ногтевых пластин 15-ти - 20-ти пар рук (в зависимости от плотности цвета (жидкости).','',''),(121,'ru','Обезжириватель SCRUBFRESH','Обезжириватель&nbsp;Scrub Fresh&nbsp;объемом 236 мл (8 fl Oz) хватает примерно на обезжиривание 10 ногтевых пластин 150-ти - 200-та пар рук.','','Шеллак Shellac CND'),(121,'ua','Обезжириватель SCRUBFRESH','Обезжириватель Scrub Fresh об\'ємом 236 мл (8 fl Oz) вистачає на знежирення 10 нігтьових пластин 150 - 200 пар рук.','',''),(122,'ua','Засіб для зняття липкого шару Сool Blue','Засоби для зняття липкого шару Сool Blue об\'ємом 236 мл (8 fl Oz) вистачає на зняття липкого шару з 10 нігтьових пластин 200-ти - 250-та пар рук.','',''),(122,'en','Средство для снятия липкого слоя Сool Blue','Tools to remove the sticky layer of COOL Blue 236 ml (8 fl Oz) enough to remove the sticky layer of the nail plate with 10-minute 200 - 250 pairs of hands that.','',''),(122,'ru','Средство для снятия липкого слоя Сool Blue','Средства для снятия липкого слоя Сool Blue&nbsp;объемом 236 мл (8 fl Oz)примерно хватает на снятие липкого слоя с 10 ногтевых пластин 200-та - 250-ти пар рук.','','Шеллак Shellac CND'),(123,'ua','Рідина для видалення REMOVE','Рідини для видалення REMOVE об\'ємом 236 мл (8 fl Oz) вистачає на видалення покриття з 10 нігтьових пластин 70-ти - 80-ти пар рук.','',''),(123,'ru','Жидкость для удаления NOURISHING REMOVER','Жидкости для удаления NOURISHING REMOVER объемом 236 мл (8 fl Oz) хватает на удаление покрытия с 10 ногтевых пластин 70-ти - 80-ти пар рук.','','shellac шеллак купить в минске'),(125,'ru','CND SHELLAC, ЦВЕТ - CAKE POP - 7,3 ML','340 000 рублей (BYR). &nbsp; &nbsp; &nbsp; &nbsp; &nbsp; &nbsp; &nbsp; &nbsp; &nbsp; &nbsp; &nbsp; &nbsp; &nbsp; &nbsp; &nbsp; &nbsp; &nbsp; &nbsp; &nbsp; &nbsp; &nbsp; &nbsp; &nbsp; &nbsp; Светло-розовый, холодный оттенок, без блесток и перламутра, плотный.','','Шеллак Shellac CND'),(125,'ua','CND SHELLAC, КОЛІР CAKE POP 7,3 ML','','',''),(128,'ru','CND SHELLAC, ЦВЕТ - LIMEADE - 7,3 ML','340 000 рублей (BYR). &nbsp; &nbsp; &nbsp; &nbsp; &nbsp; &nbsp; &nbsp; &nbsp; &nbsp; &nbsp; &nbsp; &nbsp; &nbsp; &nbsp; &nbsp; &nbsp; &nbsp; &nbsp; &nbsp; &nbsp; &nbsp; &nbsp; &nbsp; &nbsp; Насыщенный желто-зеленый, перламутровый.','',''),(129,'ua','CND SHELLAC, КОЛІР BLACK POOL 7,3 ML','','',''),(130,'ua','CND SHELLAC, КОЛІР DECADENCE 7,3 ML','','',''),(131,'ru','CND SHELLAC, ЦВЕТ - FEDORA - 7,3 ML','340 000 рублей (BYR). &nbsp; &nbsp; &nbsp; &nbsp; &nbsp; &nbsp; &nbsp; &nbsp; &nbsp; &nbsp; &nbsp; &nbsp; &nbsp; &nbsp; &nbsp; &nbsp; &nbsp; &nbsp; &nbsp; &nbsp; &nbsp; &nbsp; &nbsp; &nbsp; &nbsp; &nbsp; Темно-коричневый без блесток и перламутра, эмалевый.','','Шеллак Shellac CND'),(131,'en','CND SHELLAC, COLOR FEDORA 7,3 ML','','',''),(132,'ua','CND SHELLAC, КОЛІР GOTCHA 7,3 ML','','','Shellac Шеллак'),(133,'ua','CND SHELLAC, КОЛІР HOLLYWOOD 7,3 ML','','','Shellac Шеллак'),(134,'ua','CND SHELLAC, КОЛІР ICED CORAL 7,3 ML','','',''),(135,'ua','CND SHELLAC, КОЛІР MASQUERADE 7,3 ML','','',''),(136,'ua','CND SHELLAC, КОЛІР TROPIX 7,3 ML','','',''),(137,'ua','CND SHELLAC, КОЛІР COCOA 7,3 ML','','',''),(138,'ua','CND SHELLAC, КОЛІР ROSE BUD 7,3 ML','','','Shellac Шеллак'),(139,'ru','CND SHELLAC, ЦВЕТ - WILDFIRE - 7,3 ML','340 000 рублей (BYR). &nbsp; &nbsp; &nbsp; &nbsp; &nbsp; &nbsp; &nbsp; &nbsp; &nbsp; &nbsp; &nbsp; &nbsp; &nbsp; &nbsp; &nbsp; &nbsp; &nbsp; &nbsp; &nbsp; &nbsp; &nbsp; &nbsp; &nbsp; &nbsp;Классический красный.','',''),(139,'en','CND SHELLAC, COLOR WILDFIRE 7,3 ML','','','Shellac Шеллак'),(140,'ua','БАЗОВЕ ПОКРИТТЯ (SHELLAC UV BASE COAT). Об\\\\\\\\\\\\\\\\\\\\\\\\\\\\\\\\\\\\\\\\\\\\\\\\\\\\\\\\\\\\\\\\\\\\\\\\\\\\\\\\\\\\\\\\\\\\\\\\\\\\\\\\\\\\\\\\\\\\\\\\\\\\\\\\\\\\\\\\\\\\\\\\\\\\\\\\\\\\\\\\\\\\\\\\\\\\\\\\\\\\\\\\\\\\\\\\\\\\\\\\\\\\\\\\\\\\\\\\\\\\\\\\\\\\\\\\\\\\\\\\\\\\\\\\\\\\\\\\\\\\\\\\\\\\\\\\\\\\\\\\\\\\\\\\\\\\\\\\\\\\\\\\\\\\\\\\\\\\\\\\\\\\\\\\\\\\\\\\\\\\\\\\\\\\\\\\\\\\\\\\\\\\\\\\\\\\\\\\\\\\\\\\\\\\\\\\\\','','',''),(140,'ru','БАЗОВОЕ ПОКРЫТИЕ (SHELLAC UV BASE COAT). Объем 12.5 мл (0.42 fl Oz).','620 000 рублей (BYR).','',''),(141,'ua','БАЗОВЕ ПОКРИТТЯ (SHELLAC UV BASE COAT). ОБСЯГ 7.3 МЛ (0.25 FL OZ).','','',''),(141,'en','BASE COAT (SHELLAC UV BASE COAT). SCOPE 7.3 ML (0.25 FL OZ).','','',''),(141,'ru','БАЗОВОЕ ПОКРЫТИЕ (SHELLAC UV BASE COAT). ОБЪЕМ 7.3 МЛ (0.25 FL OZ).','360 000 рублей (BYR).','','Шеллак Shellac CND'),(142,'ru','ВЕРХНЕЕ ПОКРЫТИЕ (SHELLAC TOP COAT GEL UV). ОБЪЕМ 15 МЛ (0.5 FL OZ).','620 000 рублей (BYR).','','Шеллак Shellac CND'),(142,'ua','Верхнє покриття (SHELLAC TOP COAT GEL UV). ОБСЯГ 15 МЛ (0.5 FL OZ).','','',''),(143,'ru','ВЕРХНЕЕ ПОКРЫТИЕ (SHELLAC TOP COAT GEL UV). ОБЪЕМ 7.3 МЛ (0.25 FL OZ).','360 000 рублей (BYR).','',''),(143,'ua','Верхнє покриття (SHELLAC TOP COAT GEL UV). ОБСЯГ 7.3 МЛ (0.25 FL OZ).','','',''),(145,'ua','Засіб для зняття липкого шару (Сool BLUE). ОБСЯГ 236 МЛ (8 FL OZ).','','',''),(146,'ua','Обезжирювачі (SCRUBFRESH). ОБСЯГ 236 МЛ (8 FL OZ).','','','Shellac Шеллак'),(291,'ua','','','',''),(148,'ua','Олія для кутикули (Solar Oil). ОБСЯГ 15 МЛ (0.5 FL OZ).','','','Shellac Шеллак'),(115,'en','Step - 4. Applying fixer (UV Top Coat).','Apply a thin layer of Hardener Shellac UV Top Coat. Necessary to cover the entire surface of the nail, including the edge of the back side (end seal the nail).','','Shellac Шеллак'),(121,'en','Degreaser SCRUBFRESH','Scrub Fresh degreaser of 236 ml (8 fl Oz) enough to degrease the nail plate 10 150 - 200 pairs of hands.','','Shellac Шеллак'),(216,'ua','','','',''),(150,'ru','CND SHELLAC, ЦВЕТ - STUDIO WHITE - 7,3 ML','340 000 рублей (BYR). &nbsp; &nbsp; &nbsp; &nbsp; &nbsp; &nbsp; &nbsp; &nbsp; &nbsp; &nbsp; &nbsp; &nbsp; &nbsp; &nbsp; &nbsp; &nbsp; &nbsp; &nbsp; &nbsp; &nbsp; &nbsp; &nbsp; &nbsp; &nbsp; &nbsp;Плотный цвет, мягкий белый. Для французского маникюра.','','Шеллак Shellac CND'),(312,'ua','','','',''),(223,'ru','Цвета: TROPIX, BLUE RAPTURE.','','','Шеллак Shellac CND'),(223,'en','','','',''),(126,'ru','CND SHELLAC, ЦВЕТ - GRAPEFRUIT SPARKLE - 7,3 ML','340 000 рублей (BYR). &nbsp; &nbsp; &nbsp; &nbsp; &nbsp; &nbsp; &nbsp; &nbsp; &nbsp; &nbsp; &nbsp; &nbsp; &nbsp; &nbsp; &nbsp; &nbsp; &nbsp; &nbsp; &nbsp; &nbsp; &nbsp; &nbsp; &nbsp; &nbsp; Телесно-розовый с серебряными микроблестками, полупрозрачный.','',''),(126,'en','CND SHELLAC, COLOR GRAPEFRUIT SPARKLE 7,3 ML','','','Shellac Шеллак'),(127,'ua','CND SHELLAC, КОЛІР LILAC LONGING 7,3 ML','','',''),(128,'en','CND SHELLAC, - COLOR LIMEADE - 7,3 ML','290 000 рублей (BYR).','','Shellac Шеллак'),(142,'en','TOP COAT (SHELLAC TOP COAT GEL UV). 15 ml (0.5 FL OZ).','','',''),(180,'ua','CND SHELLAC, ЦВЕТ PINK BIKINI 7,3 ML','','',''),(166,'ua','CND SHELLAC, ЦВЕТ CREAM PUFF 7,3 ML','','',''),(168,'en','CND SHELLAC, ЦВЕТ HOT POP PINK 7,3 ML','','',''),(170,'ru','CND SHELLAC, ЦВЕТ - ROMANTIQUE - 7,3 ML','340 000 рублей (BYR). &nbsp; &nbsp; &nbsp; &nbsp; &nbsp; &nbsp; &nbsp; &nbsp; &nbsp; &nbsp; &nbsp; &nbsp; &nbsp; &nbsp; &nbsp; &nbsp; &nbsp; &nbsp; &nbsp; &nbsp; &nbsp; &nbsp; &nbsp; &nbsp; &nbsp; &nbsp; &nbsp; &nbsp; Основа для классического френча.','','шеллак купить Минск беларусь'),(170,'en','CND SHELLAC, ЦВЕТ ROMANTIQUE 7,3 ML','','',''),(167,'en','CND SHELLAC, ЦВЕТ - GRAPE GUM - 7,3 ML','','',''),(171,'ru','CND SHELLAC, ЦВЕТ - DARK LAVA - 7.3 ML','340 000 рублей (BYR). &nbsp; &nbsp; &nbsp; &nbsp; &nbsp; &nbsp; &nbsp; &nbsp; &nbsp; &nbsp; &nbsp; &nbsp; &nbsp; &nbsp; &nbsp; &nbsp; &nbsp; &nbsp; &nbsp; &nbsp; &nbsp; &nbsp; &nbsp; &nbsp; Коричнево-бордовый, с микроблесткой, плотный.','',''),(172,'ua','CND SHELLAC, ЦВЕТ ASPHALT 7,3 ML','','',''),(175,'ua','CND SHELLAC, ЦВЕТ NUDE KNICKERS 7,3 ML','','',''),(176,'ua','CND SHELLAC, ЦВЕТ SATIN PAJAMAS 7,3 ML','','',''),(197,'ua','CND SHELLAC, ЦВЕТ RUBBLE 7.3 ML','','',''),(144,'ua','Рідина для видалення (NOURISHING REMOVER). ОБСЯГ 236 МЛ (8 FL OZ).','','',''),(178,'en','CND SHELLAC, ЦВЕТ - LOBSTER ROLL - 7.3 ML','','',''),(178,'ru','CND SHELLAC, ЦВЕТ - LOBSTER ROLL - 7.3 ML','340 000 рублей (BYR). &nbsp; &nbsp; &nbsp; &nbsp; &nbsp; &nbsp; &nbsp; &nbsp; &nbsp; &nbsp; &nbsp; &nbsp; &nbsp; &nbsp; &nbsp; &nbsp; &nbsp; &nbsp; &nbsp; &nbsp; &nbsp; &nbsp; &nbsp; &nbsp; &nbsp; &nbsp; Цвета входящие в коллекцию Summer Splash. Карамельно-коралловый, без блесток и перламутра, плотный.','','shellac шеллак купить в минске'),(168,'ru','CND SHELLAC, ЦВЕТ - HOT POP PINK - 7,3 ML','340 000 рублей (BYR). &nbsp; &nbsp; &nbsp; &nbsp; &nbsp; &nbsp; &nbsp; &nbsp; &nbsp; &nbsp; &nbsp; &nbsp; &nbsp; &nbsp; &nbsp; &nbsp; &nbsp; &nbsp; &nbsp; &nbsp; &nbsp; &nbsp; &nbsp; Розовый насыщенный плотный.','','shellac шеллак купить в минске'),(183,'ua','CND SHELLAC, ЦВЕТ TINTED LOVE 7,3 ML','','',''),(182,'ru','CND SHELLAC, ЦВЕТ - STEEL GAZE - 7,3 ML','340 000 рублей (BYR). &nbsp; &nbsp; &nbsp; &nbsp; &nbsp; &nbsp; &nbsp; &nbsp; &nbsp; &nbsp; &nbsp; &nbsp; &nbsp; &nbsp; &nbsp; &nbsp; &nbsp; &nbsp; &nbsp; &nbsp; &nbsp; &nbsp; &nbsp; &nbsp; &nbsp; &nbsp; Цвета входящие в коллекцию&nbsp;Forbidden. Серебристо-болотный, перламутровый, плотный.','','шеллак купить Минск беларусь'),(181,'ua','CND SHELLAC, ЦВЕТ NIGHT GLIMMER 7,3 ML','','',''),(195,'ua','CND SHELLAC, ЦВЕТ ROCK ROYALTY 7,3 ML','','','Shellac Шеллак'),(196,'ua','CND SHELLAC, ЦВЕТ PURPLE PURPLE 7,3 ML','','',''),(187,'ua','CND SHELLAC, ЦВЕТ HOT CHILIS 7,3 ML','','',''),(188,'ua','CND SHELLAC, ЦВЕТ HOTSKI TO TCHOTCHKE 7,3 ML','','',''),(189,'ua','CND SHELLAC, ЦВЕТ ICED CAPPUCCINO 7,3 ML','','',''),(190,'ua','CND SHELLAC, ЦВЕТ MIDNIGHT SWIM 7.3 ML','','',''),(194,'ua','CND SHELLAC, ЦВЕТ RED BARONESS 7,3 ML','','',''),(216,'en','','','',''),(313,'ua','','','',''),(216,'ru','Цвета: LOBSTER ROLL, LUSH TROPICS.','','','шеллак купить Минск беларусь'),(167,'ru','CND SHELLAC, ЦВЕТ - GRAPE GUM - 7,3 ML','340 000 рублей (BYR). &nbsp; &nbsp; &nbsp; &nbsp; &nbsp; &nbsp; &nbsp; &nbsp; &nbsp; &nbsp; &nbsp; &nbsp; &nbsp; &nbsp; &nbsp; &nbsp; &nbsp; &nbsp; &nbsp; &nbsp; &nbsp; &nbsp; &nbsp; &nbsp; &nbsp; &nbsp; Цвета входящие в коллекцию Summer Splash. Темно-сиреневый, перламутровый с микроблестками.','',''),(124,'en','CND SHELLAC, COLOR AZURE WISH 7,3 ML','','',''),(124,'ua','CND SHELLAC, КОЛІР AZURE WISH 7,3 ML','','',''),(124,'ru','CND SHELLAC, ЦВЕТ - AZURE WISH - 7,3 ML','340 000 рублей (BYR). &nbsp; &nbsp; &nbsp; &nbsp; &nbsp; &nbsp; &nbsp; &nbsp; &nbsp; &nbsp; &nbsp; &nbsp; &nbsp; &nbsp; &nbsp; &nbsp; &nbsp; &nbsp; &nbsp; &nbsp; &nbsp; &nbsp; &nbsp; &nbsp; Небесно-голубой с серебряным микроперламутром, плотный.','',''),(125,'en','CND SHELLAC, COLOR CAKE POP 7,3 ML','','',''),(126,'ua','CND SHELLAC, КОЛІР GRAPEFRUIT SPARKLE 7,3 ML','','',''),(127,'ru','CND SHELLAC, ЦВЕТ - LILAC LONGING - 7,3 ML','340 000 рублей (BYR). &nbsp; &nbsp; &nbsp; &nbsp; &nbsp; &nbsp; &nbsp; &nbsp; &nbsp; &nbsp; &nbsp; &nbsp; &nbsp; &nbsp; &nbsp; &nbsp; &nbsp; &nbsp; &nbsp; &nbsp; &nbsp; &nbsp; &nbsp; &nbsp; Светло-сиреневый, без блесток и перламутра, плотный.','',''),(128,'ua','CND SHELLAC, КОЛІР LIMEADE 7,3 ML','','',''),(129,'ru','CND SHELLAC, ЦВЕТ - BLACK POOL - 7,3 ML','340 000 рублей (BYR). &nbsp; &nbsp; &nbsp; &nbsp; &nbsp; &nbsp; &nbsp; &nbsp; &nbsp; &nbsp; &nbsp; &nbsp; &nbsp; &nbsp; &nbsp; &nbsp; &nbsp; &nbsp; &nbsp; &nbsp; &nbsp; &nbsp; &nbsp; &nbsp; Черный.','','Шеллак Shellac CND'),(129,'en','CND SHELLAC, COLOR BLACK POOL 7,3 ML','','',''),(130,'ru','CND SHELLAC, ЦВЕТ - DECADENCE - 7,3 ML','340 000 рублей (BYR). &nbsp; &nbsp; &nbsp; &nbsp; &nbsp; &nbsp; &nbsp; &nbsp; &nbsp; &nbsp; &nbsp; &nbsp; &nbsp; &nbsp; &nbsp; &nbsp; &nbsp; &nbsp; &nbsp; &nbsp; &nbsp; &nbsp; &nbsp; &nbsp; Красное бордо, без блесток и перламутра &mdash; эмалевый.','','Шеллак Shellac CND'),(130,'en','CND SHELLAC, COLOR DECADENCE 7,3 ML','','',''),(131,'ua','CND SHELLAC, КОЛІР FEDORA 7,3 ML','','',''),(132,'en','CND SHELLAC, COLOR GOTCHA 7,3 ML','','',''),(132,'ru','CND SHELLAC, ЦВЕТ - GOTCHA - 7,3 ML','340 000 рублей (BYR). &nbsp; &nbsp; &nbsp; &nbsp; &nbsp; &nbsp; &nbsp; &nbsp; &nbsp; &nbsp; &nbsp; &nbsp; &nbsp; &nbsp; &nbsp; &nbsp; &nbsp; &nbsp; &nbsp; &nbsp; &nbsp; &nbsp; &nbsp; &nbsp; &nbsp; &nbsp; &nbsp;Ярко-розовый, не кислотный.','',''),(133,'en','CND SHELLAC, COLOR HOLLYWOOD 7,3 ML','','',''),(133,'ru','CND SHELLAC, ЦВЕТ - HOLLYWOOD - 7,3 ML','340 000 рублей (BYR). &nbsp; &nbsp; &nbsp; &nbsp; &nbsp; &nbsp; &nbsp; &nbsp; &nbsp; &nbsp; &nbsp; &nbsp; &nbsp; &nbsp; &nbsp; &nbsp; &nbsp; &nbsp; &nbsp; &nbsp; &nbsp; &nbsp; &nbsp; &nbsp; &nbsp; &nbsp; &nbsp; Ярко-красный с микроблестками.','',''),(134,'ru','CND SHELLAC, ЦВЕТ - ICED CORAL - 7,3 ML','340 000 рублей (BYR). &nbsp; &nbsp; &nbsp; &nbsp; &nbsp; &nbsp; &nbsp; &nbsp; &nbsp; &nbsp; &nbsp; &nbsp; &nbsp; &nbsp; &nbsp; &nbsp; &nbsp; &nbsp; &nbsp; &nbsp; &nbsp; &nbsp; &nbsp; &nbsp; &nbsp; Персиково-бежевый с изумрудным отливом, перламутровый, полупрозрачный.','',''),(135,'en','CND SHELLAC, COLOR MASQUERADE 7,3 ML','','','Shellac Шеллак'),(135,'ru','CND SHELLAC, ЦВЕТ - MASQUERADE - 7,3 ML','340 000 рублей (BYR). &nbsp; &nbsp; &nbsp; &nbsp; &nbsp; &nbsp; &nbsp; &nbsp; &nbsp; &nbsp; &nbsp; &nbsp; &nbsp; &nbsp; &nbsp; &nbsp; &nbsp; &nbsp; &nbsp; &nbsp; &nbsp; &nbsp; &nbsp; &nbsp; &nbsp; &nbsp; &nbsp; Цвет спелой вишни с микро-блестками.','',''),(136,'en','CND SHELLAC, COLOR TROPIX 7,3 ML','','','Shellac Шеллак'),(136,'ru','CND SHELLAC, ЦВЕТ - TROPIX - 7,3 ML','340 000 рублей (BYR). &nbsp; &nbsp; &nbsp; &nbsp; &nbsp; &nbsp; &nbsp; &nbsp; &nbsp; &nbsp; &nbsp; &nbsp; &nbsp; &nbsp; &nbsp; &nbsp; &nbsp; &nbsp; &nbsp; &nbsp; &nbsp; &nbsp; &nbsp; &nbsp; &nbsp;Коралловый, красно-рыжий без блесток и перламутра, эмалевый.','',''),(137,'en','CND SHELLAC, COLOR COCOA 7,3 ML','','','Shellac Шеллак'),(137,'ru','CND SHELLAC, ЦВЕТ - COCOA - 7,3 ML','340 000 рублей (BYR). &nbsp; &nbsp; &nbsp; &nbsp; &nbsp; &nbsp; &nbsp; &nbsp; &nbsp; &nbsp; &nbsp; &nbsp; &nbsp; &nbsp; &nbsp; &nbsp; &nbsp; &nbsp; &nbsp; &nbsp; &nbsp; &nbsp; &nbsp; &nbsp; &nbsp; &nbsp; &nbsp; Цвет кофе с молоком, теплый оттенок, без блесток и перламутра, плотный.','',''),(138,'en','CND SHELLAC, COLOR ROSE BUD 7,3 ML','','',''),(138,'ru','CND SHELLAC, ЦВЕТ - ROSE BUD - 7,3 ML','340 000 рублей (BYR). &nbsp; &nbsp; &nbsp; &nbsp; &nbsp; &nbsp; &nbsp; &nbsp; &nbsp; &nbsp; &nbsp; &nbsp; &nbsp; &nbsp; &nbsp; &nbsp; &nbsp; &nbsp; &nbsp; &nbsp; &nbsp; &nbsp; &nbsp; &nbsp; Розово-лиловый, пастельный.','',''),(149,'ru','CND SHELLAC, ЦВЕТ - CLEARLY PINK - 7,3 ML','340 000 рублей (BYR). &nbsp; &nbsp; &nbsp; &nbsp; &nbsp; &nbsp; &nbsp; &nbsp; &nbsp; &nbsp; &nbsp; &nbsp; &nbsp; &nbsp; &nbsp; &nbsp; &nbsp; &nbsp; &nbsp; &nbsp; &nbsp; &nbsp; &nbsp; &nbsp; &nbsp;Прозрачный с легким оттенком розового.','','Шеллак Shellac CND'),(209,'ua','','','',''),(312,'ru','ЦВЕТА: LUSH TROPICS, BICYCLE YELLOW.','','','Шеллак Shellac CND'),(312,'en','','','',''),(212,'en','','','',''),(155,'ru','CND Shellac, Цвет - Dark Dahlia - 7,3 ML','340 000 рублей (BYR). &nbsp; &nbsp; &nbsp; &nbsp; &nbsp; &nbsp; &nbsp; &nbsp; &nbsp; &nbsp; &nbsp; &nbsp; &nbsp; &nbsp; &nbsp; &nbsp; &nbsp; &nbsp; &nbsp; &nbsp; &nbsp; &nbsp; &nbsp; &nbsp; &nbsp; &nbsp; Цвета входящие в коллекцию&nbsp;Forbidden. Черно-баклажановый, без блесток и перламутра, плотный.','',''),(159,'ru','CND Shellac, Цвет - Blue Rapture - 7,3 ML','340 000 рублей (BYR). &nbsp; &nbsp; &nbsp; &nbsp; &nbsp; &nbsp; &nbsp; &nbsp; &nbsp; &nbsp; &nbsp; &nbsp; &nbsp; &nbsp; &nbsp; &nbsp; &nbsp; &nbsp; &nbsp; &nbsp; &nbsp; &nbsp; &nbsp; &nbsp; &nbsp; &nbsp; Цвета входящие в коллекцию&nbsp;Forbidden. Кобальтовый, без блесток и перламутра, плотный.','','shellac шеллак купить в минске'),(159,'en','','','',''),(161,'ru','CND Shellac, Цвет - Burnt Romance - 7,3 ML','340 000 рублей (BYR). &nbsp; &nbsp; &nbsp; &nbsp; &nbsp; &nbsp; &nbsp; &nbsp; &nbsp; &nbsp; &nbsp; &nbsp; &nbsp; &nbsp; &nbsp; &nbsp; &nbsp; &nbsp; &nbsp; &nbsp; &nbsp; &nbsp; &nbsp; &nbsp; &nbsp; &nbsp; Цвета входящие в коллекцию&nbsp;Forbidden.&nbsp;&nbsp;Темно-кирпичного цвета, без блесток и перламутра, плотный.','','shellac шеллак купить в минске'),(180,'ru','CND SHELLAC, ЦВЕТ - PINK BIKINI - 7,3 ML','340 000 рублей (BYR). &nbsp; &nbsp; &nbsp; &nbsp; &nbsp; &nbsp; &nbsp; &nbsp; &nbsp; &nbsp; &nbsp; &nbsp; &nbsp; &nbsp; &nbsp; &nbsp; &nbsp; &nbsp; &nbsp; &nbsp; &nbsp; &nbsp; &nbsp; &nbsp; &nbsp; &nbsp; Цвета входящие в коллекцию Summer Splash. Карамельно-розовый, без блесток и перламутра, плотный.','',''),(180,'en','CND SHELLAC, ЦВЕТ PINK BIKINI 7,3 ML','','',''),(166,'ru','CND SHELLAC, ЦВЕТ - CREAM PUFF - 7,3 ML','340 000 рублей (BYR). &nbsp; &nbsp; &nbsp; &nbsp; &nbsp; &nbsp; &nbsp; &nbsp; &nbsp; &nbsp; &nbsp; &nbsp; &nbsp; &nbsp; &nbsp; &nbsp; &nbsp; &nbsp; &nbsp; &nbsp; &nbsp; &nbsp; &nbsp; &nbsp; &nbsp; &nbsp; Ультра-белый, для френча.','',''),(167,'ua','CND SHELLAC, ЦВЕТ - GRAPE GUM - 7,3 ML','','',''),(293,'ua','','','',''),(181,'ru','CND SHELLAC, ЦВЕТ - NIGHT GLIMMER - 7,3 ML','340 000 рублей (BYR). &nbsp; &nbsp; &nbsp; &nbsp; &nbsp; &nbsp; &nbsp; &nbsp; &nbsp; &nbsp; &nbsp; &nbsp; &nbsp; &nbsp; &nbsp; &nbsp; &nbsp; &nbsp; &nbsp; &nbsp; &nbsp; &nbsp; &nbsp; &nbsp; &nbsp; &nbsp; Цвета входящие в коллекцию&nbsp;Forbidden. Холодный коричневый, перламутровый, плотный.','','shellac шеллак купить в минске'),(181,'en','CND SHELLAC, ЦВЕТ NIGHT GLIMMER 7,3 ML','','',''),(170,'ua','CND SHELLAC, ЦВЕТ ROMANTIQUE 7,3 ML','','',''),(171,'ua','CND SHELLAC, ЦВЕТ DARK LAVA 7.3 ML','','',''),(172,'ru','CND SHELLAC, ЦВЕТ - ASPHALT - 7,3 ML','340 000 рублей (BYR). &nbsp; &nbsp; &nbsp; &nbsp; &nbsp; &nbsp; &nbsp; &nbsp; &nbsp; &nbsp; &nbsp; &nbsp; &nbsp; &nbsp; &nbsp; &nbsp; &nbsp; &nbsp; &nbsp; &nbsp; &nbsp; &nbsp; &nbsp; &nbsp; &nbsp; &nbsp; Цвета мокрого асфальта (темно-серый), без блесток и перламутра, плотный.','',''),(172,'en','CND SHELLAC, ЦВЕТ ASPHALT 7,3 ML','','',''),(173,'ua','CND SHELLAC, ЦВЕТ BARE CHEMISE 7,3 ML','','',''),(174,'ua','CND SHELLAC, ЦВЕТ BLUSH TEDDY 7,3 ML','','',''),(175,'ru','CND SHELLAC, ЦВЕТ - NUDE KNICKERS - 7,3 ML','340 000 рублей (BYR). &nbsp; &nbsp; &nbsp; &nbsp; &nbsp; &nbsp; &nbsp; &nbsp; &nbsp; &nbsp; &nbsp; &nbsp; &nbsp; &nbsp; &nbsp; &nbsp; &nbsp; &nbsp; &nbsp; &nbsp; &nbsp; &nbsp; &nbsp; &nbsp; &nbsp; &nbsp; &nbsp; &nbsp; &nbsp; &nbsp; &nbsp; Цвета входящие в коллекцию оттенков пастели - Intimates. Бежево-розовый, без блесток и перламутра, полупрозрачный. Подходит для французского маникюра.','','шеллак купить Минск беларусь'),(175,'en','CND SHELLAC, ЦВЕТ NUDE KNICKERS 7,3 ML','','',''),(176,'ru','CND SHELLAC, ЦВЕТ - SATIN PAJAMAS - 7,3 ML','340 000 рублей (BYR). &nbsp; &nbsp; &nbsp; &nbsp; &nbsp; &nbsp; &nbsp; &nbsp; &nbsp; &nbsp; &nbsp; &nbsp; &nbsp; &nbsp; &nbsp; &nbsp; &nbsp; &nbsp; &nbsp; &nbsp; &nbsp; &nbsp; &nbsp; &nbsp; &nbsp; &nbsp; &nbsp; &nbsp; &nbsp; &nbsp; &nbsp; Цвета входящие в коллекцию оттенков пастели - Intimates. Бежевый, без блесток и перламутра, плотный.','','Шеллак Shellac CND'),(178,'ua','CND SHELLAC, ЦВЕТ - LOBSTER ROLL - 7.3 ML','','',''),(182,'ua','CND SHELLAC, ЦВЕТ STEEL GAZE 7,3 ML','','',''),(183,'ru','CND SHELLAC, ЦВЕТ - TINTED LOVE - 7,3 ML','340 000 рублей (BYR). &nbsp; &nbsp; &nbsp; &nbsp; &nbsp; &nbsp; &nbsp; &nbsp; &nbsp; &nbsp; &nbsp; &nbsp; &nbsp; &nbsp; &nbsp; &nbsp; &nbsp; &nbsp; &nbsp; &nbsp; &nbsp; &nbsp; &nbsp; &nbsp; &nbsp; &nbsp; Цвета входящие в коллекцию&nbsp;Forbidden. Розово-бордовый, без блесток и перламутра, плотный.','','Шеллак Shellac CND'),(183,'en','CND SHELLAC, ЦВЕТ TINTED LOVE 7,3 ML','','',''),(196,'ru','CND SHELLAC, ЦВЕТ - PURPLE PURPLE - 7,3 ML','340 000 рублей (BYR). &nbsp; &nbsp; &nbsp; &nbsp; &nbsp; &nbsp; &nbsp; &nbsp; &nbsp; &nbsp; &nbsp; &nbsp; &nbsp; &nbsp; &nbsp; &nbsp; &nbsp; &nbsp; &nbsp; &nbsp; &nbsp; &nbsp; Насыщенно-фиолетовый с неоновыми микро-блестками. Холодный оттенок фиолетового.','','shellac шеллак купить в минске'),(196,'en','CND SHELLAC, ЦВЕТ PURPLE PURPLE 7,3 ML','','',''),(197,'ru','CND SHELLAC, ЦВЕТ - RUBBLE - 7.3 ML','340 000 рублей (BYR). &nbsp; &nbsp; &nbsp; &nbsp; &nbsp; &nbsp; &nbsp; &nbsp; &nbsp; &nbsp; &nbsp; &nbsp; &nbsp; &nbsp; &nbsp; &nbsp; &nbsp; &nbsp; &nbsp; &nbsp; &nbsp; &nbsp; &nbsp; &nbsp; &nbsp; &nbsp; Серо-коричневый, холодный оттенок, плотный.','','шеллак купить Минск беларусь'),(197,'en','CND SHELLAC, ЦВЕТ RUBBLE 7.3 ML','','',''),(187,'ru','CND SHELLAC, ЦВЕТ - HOT CHILIS - 7,3 ML','340 000 рублей (BYR). &nbsp; &nbsp; &nbsp; &nbsp; &nbsp; &nbsp; &nbsp; &nbsp; &nbsp; &nbsp; &nbsp; &nbsp; &nbsp; &nbsp; &nbsp; &nbsp; &nbsp; &nbsp; &nbsp; &nbsp; &nbsp; &nbsp; &nbsp; &nbsp; Красно-малиновый с микроблестками.','','shellac шеллак купить в минске'),(187,'en','CND SHELLAC, ЦВЕТ HOT CHILIS 7,3 ML','','',''),(188,'ru','CND SHELLAC, ЦВЕТ - HOTSKI TO TCHOTCHKE - 7,3 ML','340 000 рублей (BYR). &nbsp; &nbsp; &nbsp; &nbsp; &nbsp; &nbsp; &nbsp; &nbsp; &nbsp; &nbsp; &nbsp; &nbsp; &nbsp; &nbsp; &nbsp; &nbsp; &nbsp; &nbsp; &nbsp; &nbsp; &nbsp; &nbsp; &nbsp; &nbsp; &nbsp; &nbsp; Ярко-бирюзовый с микро-блестками.','','Шеллак Shellac CND'),(188,'en','CND SHELLAC, ЦВЕТ HOTSKI TO TCHOTCHKE 7,3 ML','','',''),(189,'ru','CND SHELLAC, ЦВЕТ - ICED CAPPUCCINO - 7,3 ML','340 000 рублей (BYR). &nbsp; &nbsp; &nbsp; &nbsp; &nbsp; &nbsp; &nbsp; &nbsp; &nbsp; &nbsp; &nbsp; &nbsp; &nbsp; &nbsp; &nbsp; &nbsp; &nbsp; &nbsp; &nbsp; &nbsp; &nbsp; &nbsp; &nbsp; &nbsp; Бежевый перламутр теплого оттенка, плотный.','','shellac шеллак купить в минске'),(189,'en','CND SHELLAC, ЦВЕТ ICED CAPPUCCINO 7,3 ML','','',''),(190,'ru','CND SHELLAC, ЦВЕТ - MIDNIGHT SWIM - 7.3 ML','340 000 рублей (BYR). &nbsp; &nbsp; &nbsp; &nbsp; &nbsp; &nbsp; &nbsp; &nbsp; &nbsp; &nbsp; &nbsp; &nbsp; &nbsp; &nbsp; &nbsp; &nbsp; &nbsp; &nbsp; &nbsp; &nbsp; &nbsp; &nbsp; &nbsp; &nbsp; &nbsp; Темно-синий, плотный, с микроблестками серебристого цвета.','','Шеллак Shellac CND'),(190,'en','CND SHELLAC, ЦВЕТ MIDNIGHT SWIM 7.3 ML','','',''),(195,'en','CND SHELLAC, ЦВЕТ ROCK ROYALTY 7,3 ML','','',''),(195,'ru','CND SHELLAC, ЦВЕТ - ROCK ROYALTY - 7,3 ML','340 000 рублей (BYR). &nbsp; &nbsp; &nbsp; &nbsp; &nbsp; &nbsp; &nbsp; &nbsp; &nbsp; &nbsp; &nbsp; &nbsp; &nbsp; &nbsp; &nbsp; &nbsp; &nbsp; &nbsp; &nbsp; &nbsp; &nbsp; &nbsp; &nbsp; &nbsp; &nbsp;Темно-фиолетовый теплого оттенка (темный индиго), плотный.','','Шеллак Shellac CND'),(194,'ru','CND SHELLAC, ЦВЕТ - RED BARONESS - 7,3 ML','340 000 рублей (BYR). &nbsp; &nbsp; &nbsp; &nbsp; &nbsp; &nbsp; &nbsp; &nbsp; &nbsp; &nbsp; &nbsp; &nbsp; &nbsp; &nbsp; &nbsp; &nbsp; &nbsp; &nbsp; &nbsp; &nbsp; &nbsp; &nbsp; &nbsp; &nbsp; Бордовый, плотный.','','Шеллак Shellac CND'),(194,'en','CND SHELLAC, ЦВЕТ RED BARONESS 7,3 ML','','',''),(198,'en','','','',''),(198,'ru','Стартовый набор CND включает в себя:','','','Сатротвый набор шеллак Shellac CND'),(198,'ua','','','',''),(199,'ua','','','',''),(199,'ru','УФ-лампа 36W','580 000&nbsp;рублей (BYR).','','Сатротвый набор шеллак Shellac CND'),(200,'en','','','',''),(200,'ru','БАЗОВОЕ ПОКРЫТИЕ (SHELLAC UV BASE COAT). ОБЪЕМ 7.3 МЛ (0.25 FL OZ).','360 000 рублей (BYR).','','Сатротвый набор шеллак Shellac CND'),(201,'en','','','',''),(201,'ru','ВЕРХНЕЕ ПОКРЫТИЕ (SHELLAC TOP COAT GEL UV). ОБЪЕМ 7.3 МЛ (0.25 FL OZ).','360 000 рублей (BYR).','','Сатротвый набор шеллак Shellac CND'),(202,'en','','','',''),(202,'ru','Одно цветное покрытие Shellac CND на выбор.','340 000 рублей (BYR).','','Сатротвый набор шеллак Shellac CND'),(203,'ua','','','',''),(203,'ru','ОБЕЗЖИРИВАТЕЛЬ (SCRUBFRESH). ОБЪЕМ 236 МЛ (8 FL OZ).','460 000 рублей (BYR).','','Сатротвый набор шеллак Shellac CND'),(204,'ru','ЖИДКОСТЬ ДЛЯ УДАЛЕНИЯ (NOURISHING REMOVER). ОБЪЕМ 236 МЛ (8 FL OZ).','380 000 рублей (BYR).','','Сатротвый набор шеллак Shellac CND'),(314,'ua','','','',''),(315,'ua','','','',''),(314,'en','','','',''),(314,'ru','ЦВЕТА: CAKE POP, CERULEAN SEA.','','','shellac шеллак купить в минске'),(293,'en','','','',''),(206,'ru','CND SHELLAC, ЦВЕТ - MINT CONVERTIBLE - 7,3 ML','340 000 рублей (BYR). &nbsp; &nbsp; &nbsp; &nbsp; &nbsp; &nbsp; &nbsp; &nbsp; &nbsp; &nbsp; &nbsp; &nbsp; &nbsp; &nbsp; &nbsp; &nbsp; &nbsp; &nbsp; &nbsp; &nbsp; &nbsp; &nbsp; &nbsp; &nbsp; &nbsp; &nbsp;Цвета, входящие в коллекцию Open Road Collection&nbsp;, Весна 2014.&nbsp;Мятно-зеленый пастельный, без блесток и перламутра, плотный.','','Шеллак Shellac CND'),(207,'ru','CND SHELLAC, ЦВЕТ - DESERT POPPY - 7,3 ML','340 000 рублей (BYR). &nbsp; &nbsp; &nbsp; &nbsp; &nbsp; &nbsp; &nbsp; &nbsp; &nbsp; &nbsp; &nbsp; &nbsp; &nbsp; &nbsp; &nbsp; &nbsp; &nbsp; &nbsp; &nbsp; &nbsp; &nbsp; &nbsp; &nbsp; &nbsp; &nbsp; &nbsp; &nbsp; &nbsp; &nbsp; &nbsp; &nbsp; &nbsp;Цвета, входящие в коллекцию Open Road Collection, Весна 2014.&nbsp;Пастельно-коралловый, с золотыми микроблестками, плотный.','','shellac шеллак купить в минске'),(206,'en','','','',''),(207,'ua','','','',''),(208,'ua','','','',''),(209,'ru','CND SHELLAC, ЦВЕТ - SUN BLEACHED - 7,3 ML','340 000 рублей (BYR). &nbsp; &nbsp; &nbsp; &nbsp; &nbsp; &nbsp; &nbsp; &nbsp; &nbsp; &nbsp; &nbsp; &nbsp; &nbsp; &nbsp; &nbsp; &nbsp; &nbsp; &nbsp; &nbsp; &nbsp; &nbsp; &nbsp; &nbsp; &nbsp; &nbsp; &nbsp; &nbsp; &nbsp; &nbsp; &nbsp; &nbsp; &nbsp;Цвета, входящие в коллекцию Open Road Collection, Весна 2014. Пастельно-желтый, без блесток и перламутра, плотный.','','Шеллак Shellac CND'),(210,'en','','','',''),(210,'ru','CND SHELLAC, ЦВЕТ - LUSH TROPICS - 7,3 ML','340 000 рублей (BYR). &nbsp; &nbsp; &nbsp; &nbsp; &nbsp; &nbsp; &nbsp; &nbsp; &nbsp; &nbsp; &nbsp; &nbsp; &nbsp; &nbsp; &nbsp; &nbsp; &nbsp; &nbsp; &nbsp; &nbsp; &nbsp; &nbsp; &nbsp; &nbsp; &nbsp; &nbsp; &nbsp; &nbsp; &nbsp; &nbsp; &nbsp; &nbsp;Цвета, входящие в коллекцию&nbsp;Paradise, Лето 2014. Ярко-зеленый, без блесток и перламутра, плотный.','','shellac шеллак купить в минске'),(211,'en','','','',''),(211,'ru','CND SHELLAC, ЦВЕТ - ELECTRIC ORANGE - 7,3 ML','340 000 рублей (BYR). &nbsp; &nbsp; &nbsp; &nbsp; &nbsp; &nbsp; &nbsp; &nbsp; &nbsp; &nbsp; &nbsp; &nbsp; &nbsp; &nbsp; &nbsp; &nbsp; &nbsp; &nbsp; &nbsp; &nbsp; &nbsp; &nbsp; &nbsp; &nbsp; &nbsp; &nbsp; &nbsp; &nbsp; &nbsp; &nbsp; &nbsp; &nbsp;Цвета, входящие в коллекцию&nbsp;Paradise, Лето 2014. Ярко-оранжевый, без блесток и перламутра, плотный.','','шеллак купить Минск беларусь'),(212,'ru','CND SHELLAC, ЦВЕТ - TANGO PASSION - 7,3 ML','340 000 рублей (BYR). &nbsp; &nbsp; &nbsp; &nbsp; &nbsp; &nbsp; &nbsp; &nbsp; &nbsp; &nbsp; &nbsp; &nbsp; &nbsp; &nbsp; &nbsp; &nbsp; &nbsp; &nbsp; &nbsp; &nbsp; &nbsp; &nbsp; &nbsp; &nbsp; &nbsp; &nbsp; &nbsp; &nbsp; &nbsp; &nbsp; &nbsp; &nbsp;Цвета, входящие в коллекцию&nbsp;Paradise, Лето 2014. Ярко-лиловый, перламутровый, с голубыми и золотыми микроблестками, плотный.','','Шеллак Shellac CND'),(213,'en','','','',''),(213,'ru','CND SHELLAC, ЦВЕТ - BICYCLE YELLOW - 7,3 ML','340 000 рублей (BYR). &nbsp; &nbsp; &nbsp; &nbsp; &nbsp; &nbsp; &nbsp; &nbsp; &nbsp; &nbsp; &nbsp; &nbsp; &nbsp; &nbsp; &nbsp; &nbsp; &nbsp; &nbsp; &nbsp; &nbsp; &nbsp; &nbsp; &nbsp; &nbsp; &nbsp; &nbsp; &nbsp; &nbsp; &nbsp; &nbsp; &nbsp; &nbsp;Цвета, входящие в коллекцию&nbsp;Paradise, Лето 2014. Ярко-желтый, с микроперламутром, плотный.','','shellac шеллак купить в минске'),(214,'en','','','',''),(214,'ru','CND SHELLAC, ЦВЕТ - SULTRY SUNSET - 7,3 ML','340 000 рублей (BYR). &nbsp; &nbsp; &nbsp; &nbsp; &nbsp; &nbsp; &nbsp; &nbsp; &nbsp; &nbsp; &nbsp; &nbsp; &nbsp; &nbsp; &nbsp; &nbsp; &nbsp; &nbsp; &nbsp; &nbsp; &nbsp; &nbsp; &nbsp; &nbsp; &nbsp; &nbsp; &nbsp; &nbsp; &nbsp; &nbsp; &nbsp; &nbsp;Цвета, входящие в коллекцию&nbsp;Paradise, Лето 2014. Ягодно-розовый, перламутровый, плотный.','','шеллак купить Минск беларусь'),(218,'en','','','',''),(218,'ru','Цвета: LOBSTER ROLL, COCOA.','','','shellac шеллак купить в минске'),(218,'ua','','','',''),(325,'ua','','','',''),(327,'en','','','',''),(327,'ru','CND SHELLAC, ЦВЕТ - TARTAN PUNK - 7,3 ML','340 000 рублей (BYR). &nbsp; &nbsp; &nbsp; &nbsp; &nbsp; &nbsp; &nbsp; &nbsp; &nbsp; &nbsp; &nbsp; &nbsp; &nbsp; &nbsp; &nbsp; &nbsp; &nbsp; &nbsp; &nbsp; &nbsp; &nbsp; &nbsp; &nbsp; &nbsp; &nbsp; &nbsp; &nbsp; &nbsp; &nbsp; Коллекция Осень 2015&nbsp;&laquo;Contradictions&raquo;. Ярко-красный, без блесток, с золотым перламутром, плотный.','','Шеллак Shellac CND'),(326,'en','','','',''),(326,'ru','ЦВЕТА: CAKE POP, CLAY CANYON.','','','shellac шеллак купить в минске'),(326,'ua','','','',''),(325,'en','','','',''),(325,'ru','ЦВЕТА: ELECTRIC ORANGE, дизайн: CREAM PUFF, LUSH TROPICS, WISTERIA HAZE, HOT POP PINK.','','','шеллак купить Минск беларусь'),(324,'ru','ЦВЕТА: CREEKSIDE, SUN BLEACHED.','','','Shellac Шеллак'),(323,'ua','','','',''),(323,'ru','ЦВЕТА: WISTERIA HAZE, FIELD FOX, CREEKSIDE.','','','Шеллак Shellac CND'),(323,'en','','','',''),(324,'ua','','','',''),(223,'ua','','','',''),(225,'ua','','','',''),(225,'ru','Цвета: WILDFIRE, BLUE RAPTURE, CREAM PUFF.','','','shellac шеллак купить в минске'),(225,'en','','','',''),(226,'en','','','',''),(226,'ru','Цвета: CREAM PUFF, CAKE POP, LILAC LONGING','','','шеллак купить Минск беларусь'),(226,'ua','','','',''),(227,'ua','','','',''),(227,'ru','Цвета: NIGHT GLIMMER.','','','Шеллак Shellac CND'),(227,'en','','','',''),(228,'ru','Цвета: CAKE POP (основа), HOT POP PINK (улыбка), GRAPEFRUIT SPARKLE (на основу).','','','shellac шеллак купить в минске'),(228,'en','','','',''),(228,'ua','','','',''),(229,'ru','Цвета: GRAPEFRUIT SPARKLE (основа), CREAM PUFF.','','','шеллак купить Минск беларусь'),(229,'en','','','',''),(229,'ua','','','',''),(324,'en','','','',''),(322,'ua','','','',''),(322,'ru','ЦВЕТА: BICYCLE YELLOW, CAKE POP, CREEKSIDE, WISTERIA HAZE.','','','Шеллак Shellac CND'),(322,'en','','','',''),(316,'en','','','',''),(231,'ru','Цвета: BARE CHEMISE (основа), TROPIX.','','','Шеллак Shellac CND'),(231,'en','','','',''),(231,'ua','','','',''),(232,'en','','','',''),(232,'ru','Цвета: CLEARLY PINK (основа), CAKE POP; безымянный - CAKE POP, ASPHALT, MINT CONVERTIBLE.','','','shellac шеллак купить в минске'),(232,'ua','','','',''),(233,'en','','','',''),(233,'ru','Цвета: BICYCLE YELLOW, LUSH TROPICS.','','','шеллак купить Минск беларусь'),(233,'ua','','','',''),(234,'en','','','',''),(234,'ru','Цвета: NUDE KNICKERS (основа - один слой), BICYCLE YELLOW, LIMEADE.','','','Шеллак Shellac CND'),(234,'ua','','','',''),(235,'en','','','',''),(235,'ru','Цвета: TROPIX, SUN BLEACHED, LILAC LONGING, MINT CONVERTIBLE.','','','shellac шеллак купить в минске'),(235,'ua','','','',''),(236,'ua','','','',''),(236,'ru','Цвета: SUN BLEACHED, CAKE POP, MINT CONVERTIBLE.','','','шеллак купить Минск беларусь'),(236,'en','','','',''),(237,'ua','','','',''),(237,'ru','Цвета: HOT POP PINK, GRAPE GUM.','','','shellac шеллак купить в минске'),(237,'en','','','',''),(238,'ru','Цвета: GRAPEFRUIT SPARKLE (основа), AZURE WISH, CREAM PUFF.','','','шеллак купить Минск беларусь'),(238,'en','','','',''),(238,'ua','','','',''),(239,'en','','','',''),(239,'ru','Цвета: WILDFIRE (основа), ICED CORAL (лунки).','','','shellac шеллак купить в минске'),(239,'ua','','','',''),(240,'en','','','',''),(240,'ru','Цвета: ROCK ROYALTY, RED BARONESS.','','','shellac шеллак купить в минске'),(240,'ua','','','',''),(241,'en','','','',''),(241,'ru','Цвета: LOBSTER ROLL.','','','Шеллак Shellac CND'),(241,'ua','','','',''),(242,'ru','CND SHELLAC, ЦВЕТ - TUTTI FRUTTI - 7,3 ML','340 000 рублей (BYR) &nbsp; &nbsp; &nbsp; &nbsp; &nbsp; &nbsp; &nbsp; &nbsp; &nbsp; &nbsp; &nbsp; &nbsp; &nbsp; &nbsp; &nbsp; &nbsp; &nbsp; &nbsp; &nbsp; &nbsp; &nbsp; &nbsp; &nbsp; &nbsp; &nbsp; &nbsp; &nbsp; &nbsp; &nbsp; Ярко розовый, цикламеновый с микроблестками.','','шеллак купить Минск беларусь'),(242,'en','','','',''),(243,'en','','','',''),(243,'ru','Цвета: BLUE RAPTURE.','','','Шеллак Shellac CND'),(243,'ua','','','',''),(244,'en','','','',''),(244,'ru','Цвета: MIDNIGHT SWIM (основа), BARE CHEMISE (лунки).','','','shellac шеллак купить в минске'),(244,'ua','','','',''),(245,'en','','','',''),(245,'ru','Цвета: GRAPE GUM, BICYCLE YELLOW, TUTTI FRUTTI.','','','shellac шеллак купить в минске'),(245,'ua','','','',''),(246,'en','','','',''),(246,'ru','ЦВЕТА: MINT CONVERTIBLE, TUTTI FRUTTI.','','','shellac шеллак купить в минске'),(246,'ua','','','',''),(247,'en','','','',''),(247,'ru','Цвета: SUN BLEACHED, LILAC LONGING.','','','shellac шеллак купить в минске'),(247,'ua','','','',''),(248,'en','','','',''),(248,'ru','Цвета: AZURE WISH, BICYCLE YELLOW, CREAM PUFF.','','','shellac шеллак купить в минске'),(248,'ua','','','',''),(168,'ua','','','',''),(166,'en','CND SHELLAC, ЦВЕТ CREAM PUFF 7,3 ML','','',''),(249,'en','','','',''),(249,'ru','Цвета: AZURE WISH, CREAM PUFF.','','','шеллак купить Минск беларусь'),(249,'ua','','','',''),(202,'ua','','','',''),(251,'ua','','','',''),(252,'ua','','','',''),(251,'ru','Для чего?','Вы сомневаетесь сможете ли Вы нанести Shellac CND себе как Ваш мастер; сомневаетесь в целесообразности приобретения продукции CND; сомневаетесь в своих силах и способностях в нанесении Shellac CND; не можете решить нужно ли это Вам?','','Семинар, тренинг, обучение нанесению шеллак Shellac CND'),(251,'en','','','',''),(255,'en','','','',''),(255,'ru','Цвета: CERULEAN SEA, NUDE KNICKERS (основа).','','','Шеллак Shellac CND'),(253,'en','','','',''),(253,'ru','Как долго?','Семинар состоит из одного занятия длительностью &nbsp;2 часа.&nbsp;','','Семинар, тренинг, обучение нанесению шеллак Shellac CND'),(253,'ua','','','',''),(252,'en','','','',''),(252,'ru','Как именно?','На наших семинарах Вы сможете задать все интересующие Вас вопросы, получить необходимые теоретические знания и практический навык по нанесению, удалению Shellac CND. &nbsp; &nbsp; &nbsp; &nbsp; &nbsp; &nbsp; &nbsp; &nbsp; &nbsp; &nbsp; &nbsp; &nbsp; Иными словами под руководством опытного мастера Вы своими руками, используя наши материалы, сможете нанести Shellac CND на свои ногти&nbsp; и, при желании, удалить его.','','Семинар, тренинг, обучение нанесению шеллак Shellac CND'),(254,'en','','','',''),(254,'ru','Как записаться?','Записаться на семинар Вы можете по телефону +375 (33) 696 36 00.','','Семинар, тренинг, обучение нанесению шеллак Shellac CND'),(254,'ua','','','',''),(255,'ua','','','',''),(257,'en','','','',''),(258,'en','','','',''),(257,'ru','CND SHELLAC, Цвет - Indigo Frock - 7,3 ML','340 000 рублей (BYR). &nbsp; &nbsp; &nbsp; &nbsp; &nbsp; &nbsp; &nbsp; &nbsp; &nbsp; &nbsp; &nbsp; &nbsp; &nbsp; &nbsp; &nbsp; &nbsp; &nbsp; &nbsp; &nbsp; &nbsp; &nbsp; &nbsp; &nbsp; &nbsp; &nbsp; &nbsp; Цвета, входящие в коллекцию Modern Folklore Collection, Осень 2014.&nbsp;Серо-синий плотный, эмалевый.','','Шеллак Shellac CND'),(257,'ua','','','',''),(258,'ru','CND SHELLAC, ЦВЕТ - Crimson Sash - 7,3 ML','340 000 рублей (BYR). &nbsp; &nbsp; &nbsp; &nbsp; &nbsp; &nbsp; &nbsp; &nbsp; &nbsp; &nbsp; &nbsp; &nbsp; &nbsp; &nbsp; &nbsp; &nbsp; &nbsp; &nbsp; &nbsp; &nbsp; &nbsp; &nbsp; &nbsp; &nbsp; &nbsp; &nbsp; Цвета, входящие в коллекцию Modern Folklore Collection, Осень 2014.&nbsp;Бордовый с&nbsp;микроблеском.','','shellac шеллак купить в минске'),(258,'ua','','','',''),(259,'ru','CND SHELLAC, ЦВЕТ - Fine Vermilion - 7,3 ML','340 000 рублей (BYR). &nbsp; &nbsp; &nbsp; &nbsp; &nbsp; &nbsp; &nbsp; &nbsp; &nbsp; &nbsp; &nbsp; &nbsp; &nbsp; &nbsp; &nbsp; &nbsp; &nbsp; &nbsp; &nbsp; &nbsp; &nbsp; &nbsp; &nbsp; &nbsp; &nbsp; &nbsp; Цвета, входящие в коллекцию Modern Folklore Collection, Осень 2014. Терракотовый &nbsp;с микроблеском, плотный.','','шеллак купить Минск беларусь'),(259,'en','','','',''),(260,'ru','CND SHELLAC, ЦВЕТ - Rose Brocade - 7,3 ML','340 000 рублей (BYR). &nbsp; &nbsp; &nbsp; &nbsp; &nbsp; &nbsp; &nbsp; &nbsp; &nbsp; &nbsp; &nbsp; &nbsp; &nbsp; &nbsp; &nbsp; &nbsp; &nbsp; &nbsp; &nbsp; &nbsp; &nbsp; &nbsp; &nbsp; &nbsp; &nbsp; &nbsp; Цвета, входящие в коллекцию Modern Folklore Collection, Осень 2014. Красно-малиновый светлый, плотный,&nbsp; эмалевый.','','Shellac Шеллак'),(261,'en','','','',''),(261,'ru','CND SHELLAC, ЦВЕТ - Plum Paisley - 7,3 ML','340 000 рублей (BYR). &nbsp; &nbsp; &nbsp; &nbsp; &nbsp; &nbsp; &nbsp; &nbsp; &nbsp; &nbsp; &nbsp; &nbsp; &nbsp; &nbsp; &nbsp; &nbsp; &nbsp; &nbsp; &nbsp; &nbsp; &nbsp; &nbsp; &nbsp; &nbsp; &nbsp; &nbsp; Цвета, входящие в коллекцию Modern Folklore Collection, Осень 2014.&nbsp;Баклажановый с&nbsp;микроблеском.','','Шеллак Shellac CND'),(262,'en','','','',''),(262,'ru','CND SHELLAC, ЦВЕТ - Locket Love - 7,3 ML','340 000 рублей (BYR). &nbsp; &nbsp; &nbsp; &nbsp; &nbsp; &nbsp; &nbsp; &nbsp; &nbsp; &nbsp; &nbsp; &nbsp; &nbsp; &nbsp; &nbsp; &nbsp; &nbsp; &nbsp; &nbsp; &nbsp; &nbsp; &nbsp; &nbsp; &nbsp; &nbsp; &nbsp; Цвета, входящие в коллекцию Modern Folklore Collection, Осень 2014.&nbsp;Золотой с перламутром и микроблеском.','','shellac шеллак купить в минске'),(256,'ru','CND SHELLAC, ЦВЕТ - CERULEAN SEA - 7,3 ML','340 000 рублей (BYR). &nbsp; &nbsp; &nbsp; &nbsp; &nbsp; &nbsp; &nbsp; &nbsp; &nbsp; &nbsp; &nbsp; &nbsp; &nbsp; &nbsp; &nbsp; &nbsp; &nbsp; &nbsp; &nbsp; &nbsp; &nbsp; &nbsp; &nbsp; &nbsp; &nbsp; &nbsp; Цвета, входящие в коллекцию&nbsp;Paradise, Лето 2014.&nbsp;Ярко-голубой, без блесток и перламутра, плотный.','','Шеллак Shellac CND'),(256,'en','','','',''),(209,'en','','','',''),(208,'ru','CND SHELLAC, ЦВЕТ - SAGE SCARF - 7,3 ML','340 000 рублей (BYR). &nbsp; &nbsp; &nbsp; &nbsp; &nbsp; &nbsp; &nbsp; &nbsp; &nbsp; &nbsp; &nbsp; &nbsp; &nbsp; &nbsp; &nbsp; &nbsp; &nbsp; &nbsp; &nbsp; &nbsp; &nbsp; &nbsp; &nbsp; &nbsp; &nbsp; &nbsp; &nbsp; &nbsp; &nbsp; &nbsp; &nbsp; &nbsp;Цвета, входящие в коллекцию Open Road Collection, Весна 2014.&nbsp;Светло-оливковый пастельный, без блесток и перламутра, плотный.','','шеллак купить Минск беларусь'),(207,'en','','','',''),(214,'ua','','','',''),(213,'ua','','','',''),(212,'ua','','','',''),(211,'ua','','','',''),(210,'ua','','','',''),(260,'ua','','','',''),(174,'ru','CND SHELLAC, ЦВЕТ - BLUSH TEDDY - 7,3 ML','340 000 рублей (BYR). &nbsp; &nbsp; &nbsp; &nbsp; &nbsp; &nbsp; &nbsp; &nbsp; &nbsp; &nbsp; &nbsp; &nbsp; &nbsp; &nbsp; &nbsp; &nbsp; &nbsp; &nbsp; &nbsp; &nbsp; &nbsp; &nbsp; &nbsp; &nbsp; &nbsp; &nbsp; &nbsp; &nbsp; &nbsp; &nbsp; &nbsp; Цвета входящие в коллекцию оттенков пастели - Intimates. Светло-розовый с еле-заметным микроперламутром, плотный. Подходит для французского маникюра.','','shellac шеллак купить в минске'),(174,'en','CND SHELLAC, ЦВЕТ BLUSH TEDDY 7,3 ML','','',''),(173,'ru','CND SHELLAC, ЦВЕТ - BARE CHEMISE - 7,3 ML','340 000 рублей (BYR). &nbsp; &nbsp; &nbsp; &nbsp; &nbsp; &nbsp; &nbsp; &nbsp; &nbsp; &nbsp; &nbsp; &nbsp; &nbsp; &nbsp; &nbsp; &nbsp; &nbsp; &nbsp; &nbsp; &nbsp; &nbsp; &nbsp; &nbsp; &nbsp; &nbsp; &nbsp; &nbsp; &nbsp; &nbsp; &nbsp; &nbsp; Цвета входящие в коллекцию оттенков пастели - Intimates. Светло-бежевый, с еле-заметным серебряным микроперламутром, плотный. Подходит для французского маникюра.','','Шеллак Shellac CND'),(173,'en','CND SHELLAC, ЦВЕТ BARE CHEMISE 7,3 ML','','',''),(171,'en','CND SHELLAC, ЦВЕТ DARK LAVA 7.3 ML','','',''),(148,'en','Cuticle oil (Solar Oil). 15 ml (0.5 FL OZ).','','',''),(263,'ua','','','',''),(264,'ua','','','',''),(264,'ru','Цвета: FINE VERMILION.','','','Шеллак Shellac CND'),(264,'en','','','',''),(265,'en','','','',''),(265,'ru','Цвета: PLUM PAISLEY.','','','shellac шеллак купить в минске'),(265,'ua','','','',''),(266,'en','','','',''),(266,'ru','Цвета: GRAPE GUM, HOTSKI TO TCHOTCHKE, WATER PARK.','','','шеллак купить Минск беларусь'),(266,'ua','','','',''),(267,'en','','','',''),(267,'ru','Цвета: CREAM PUFF, STEEL GAZE, WILDFIRE.','','','шеллак купить Минск беларусь'),(267,'ua','','','',''),(256,'ua','','','',''),(268,'en','','','',''),(268,'ru','Цвета: TROPIX, CREAM PUFF.','','','Шеллак Shellac CND'),(268,'ua','','','',''),(269,'en','','','',''),(269,'ru','Цвета: PLUM PAISLEY, GRAPEFRUIT SPARKLE.','','','shellac шеллак купить в минске'),(269,'ua','','','',''),(270,'en','','','',''),(270,'ru','Цвета: ROMANTIQUE, перекрытый GRAPEFRUIT SPARKLE.','','','шеллак купить Минск беларусь'),(270,'ua','','','',''),(259,'ua','','','',''),(261,'ua','','','',''),(262,'ua','','','',''),(272,'ua','','','',''),(271,'ru','CND SHELLAC, ЦВЕТ - CLAY CANYON - 7,3 ML','340 000 рублей (BYR). &nbsp; &nbsp; &nbsp; &nbsp; &nbsp; &nbsp; &nbsp; &nbsp; &nbsp; &nbsp; &nbsp; &nbsp; &nbsp; &nbsp; &nbsp; &nbsp; &nbsp; &nbsp; &nbsp; &nbsp; &nbsp; &nbsp; &nbsp; &nbsp; &nbsp; &nbsp; Шоколадно-розовый пастельный, без блесток и перламутра, плотный.','','Шеллак Shellac CND'),(271,'en','','','',''),(272,'en','','','',''),(272,'ru','CND SHELLAC, ЦВЕТ - POWDER MY NOSE - 7,3 ML','340 000 рублей (BYR). &nbsp; &nbsp; &nbsp; &nbsp; &nbsp; &nbsp; &nbsp; &nbsp; &nbsp; &nbsp; &nbsp; &nbsp; &nbsp; &nbsp; &nbsp; &nbsp; &nbsp; &nbsp; &nbsp; &nbsp; &nbsp; &nbsp; &nbsp; &nbsp; &nbsp; &nbsp; Светлый бежево-розовый, без блесток и перламутра, полупрозрачный.','','shellac шеллак купить в минске'),(273,'ru','CND SHELLAC, ЦВЕТ - BEAU - 7,3 ML','340 000 рублей (BYR). &nbsp; &nbsp; &nbsp; &nbsp; &nbsp; &nbsp; &nbsp; &nbsp; &nbsp; &nbsp; &nbsp; &nbsp; &nbsp; &nbsp; &nbsp; &nbsp; &nbsp; &nbsp; &nbsp; &nbsp; &nbsp; &nbsp; &nbsp; &nbsp; &nbsp; &nbsp; Прозрачный с легким розоватым оттенком с микроперламутром серебристого цвета.&nbsp;Подходит для французского маникюра.','','шеллак купить Минск беларусь'),(274,'ua','','','',''),(274,'ru','CND SHELLAC, ЦВЕТ SILVER - VIP STATUS - 7,3 ML','340 000 рублей (BYR). &nbsp; &nbsp; &nbsp; &nbsp; &nbsp; &nbsp; &nbsp; &nbsp; &nbsp; &nbsp; &nbsp; &nbsp; &nbsp; &nbsp; &nbsp; &nbsp; &nbsp; &nbsp; &nbsp; &nbsp; &nbsp; &nbsp; &nbsp; &nbsp; &nbsp; &nbsp; Полупрозрачный со слегка молочным оттенком, с серебряными микроблестками','','шеллак купить Минск беларусь'),(275,'ru','CND SHELLAC, ЦВЕТ - GOLD VIP STATUS - 7,3 ML','340 000 рублей (BYR). &nbsp; &nbsp; &nbsp; &nbsp; &nbsp; &nbsp; &nbsp; &nbsp; &nbsp; &nbsp; &nbsp; &nbsp; &nbsp; &nbsp; &nbsp; &nbsp; &nbsp; &nbsp; &nbsp; &nbsp; &nbsp; &nbsp; &nbsp; &nbsp; &nbsp; &nbsp; Полупрозрачный со слегка молочным оттенком, с золотыми микроблестками.','','Shellac Шеллак'),(275,'ua','','','',''),(277,'ru','Оплата','Оплата возможна: наличными курьеру (при получении заказа); наложенным платежом (при получении в почтовом отделении); безналичная.','','Шеллак Shellac CND'),(277,'en','','','',''),(306,'ua','','','',''),(277,'ua','','','',''),(278,'en','Delivery','','',''),(278,'ru','Доставка','Осуществляем доставку курьером по Минску (от 4 наименований продукции бесплатно) или наложенным платежом по Беларуси (почтовые расходы за счет покупателя).','','шеллак купить Минск беларусь'),(278,'ua','Доставка','Осуществляем доставку курьером по Минску (от 4 наименований продукции бесплатно) или наложенным платежом по Беларуси (от 4 наименований продукции почтовые расходы за наш счет. Вам остается оплатить 3% от суммы заказа за денежный перевод при получении.)','','Shellac Шеллак'),(279,'ua','','','',''),(279,'ru','CND SHELLAC, ЦВЕТ - VEXED VIOLETTE - 7.3 ML','340 000 рублей (BYR). &nbsp; &nbsp; &nbsp; &nbsp; &nbsp; &nbsp; &nbsp; &nbsp; &nbsp; &nbsp; &nbsp; &nbsp; &nbsp; &nbsp; &nbsp; &nbsp; &nbsp; &nbsp; &nbsp; &nbsp; &nbsp; &nbsp; &nbsp; &nbsp; &nbsp; &nbsp; Серебристо-сиреневый, полупрозрачный, перламутровый.','','Shellac Шеллак'),(280,'en','','','',''),(280,'ru','Цвета: STUDIO WHITE, ROSE BUD, LOCKET LOVE.','','',''),(280,'ua','','','',''),(281,'en','','','',''),(281,'ru','Цвета: POWDER MY NOSE, CREAM PUFF.','','','Шеллак Shellac CND'),(281,'ua','','','',''),(282,'ua','','','',''),(282,'ru','CND SHELLAC, ЦВЕТ - WATER PARK - 7,3 ML','340 000 рублей (BYR). &nbsp; &nbsp; &nbsp; &nbsp; &nbsp; &nbsp; &nbsp; &nbsp; &nbsp; &nbsp; &nbsp; &nbsp; &nbsp; &nbsp; &nbsp; &nbsp; &nbsp; &nbsp; &nbsp; &nbsp; &nbsp; &nbsp; &nbsp; &nbsp; &nbsp; &nbsp; Васильковый, перламутровый, с серебряными микроблестками, плотный.','','Shellac Шеллак'),(283,'en','','','',''),(283,'ru','CND SHELLAC, ЦВЕТ - MOONLIGHT AND ROSES - 7,3 ML','340 000 рублей (BYR). &nbsp; &nbsp; &nbsp; &nbsp; &nbsp; &nbsp; &nbsp; &nbsp; &nbsp; &nbsp; &nbsp; &nbsp; &nbsp; &nbsp; &nbsp; &nbsp; &nbsp; &nbsp; &nbsp; &nbsp; &nbsp; &nbsp; &nbsp; &nbsp; &nbsp; &nbsp; Полупрозрачный с розовым перламутром. Для перекрытия других цветов. Создает новые оттенки.','','шеллак купить Минск беларусь'),(284,'ua','','','',''),(284,'ru','CND SHELLAC, ЦВЕТ - SUGARED SPICE - 7.3 ML','340 000 рублей (BYR). &nbsp; &nbsp; &nbsp; &nbsp; &nbsp; &nbsp; &nbsp; &nbsp; &nbsp; &nbsp; &nbsp; &nbsp; &nbsp; &nbsp; &nbsp; &nbsp; &nbsp; &nbsp; &nbsp; &nbsp; &nbsp; &nbsp; &nbsp; &nbsp; &nbsp; &nbsp; Медный металлик, плотный, перламутровый.','','shellac шеллак купить в минске'),(285,'ua','','','',''),(285,'ru','CND SHELLAC, ЦВЕТ - ZILLIONAIRE - 7,3 ML','340 000 рублей (BYR). &nbsp; &nbsp; &nbsp; &nbsp; &nbsp; &nbsp; &nbsp; &nbsp; &nbsp; &nbsp; &nbsp; &nbsp; &nbsp; &nbsp; &nbsp; &nbsp; &nbsp; &nbsp; &nbsp; &nbsp; &nbsp; &nbsp; &nbsp; &nbsp; &nbsp; &nbsp; Прозрачный, с мелкой голографической слюдой. Может наноситься как самостоятельный лак, либо как эффект.','','Шеллак Shellac CND'),(260,'en','','','',''),(139,'ua','CND SHELLAC, КОЛІР WILDFIRE 7,3 ML','','',''),(149,'ua','ДЛЯ \\\\\\\\\\\\\\\\\\\\\\\\\\\\\\\\\\\\\\\\\\\\\\\\\\\\\\\\\\\\\\\\\\\\\\\\\\\\\\\\\\\\\\\\\\\\\\\\\\\\\\\\\\\\\\\\\\\\\\\\\\\\\\\\','','',''),(150,'ua','ДЛЯ \\\\\\\\\\\\\\\\\\\\\\\\\\\\\\\\\\\\\\\\\\\\\\\\\\\\\\\\\\\\\\\\\\\\\\\\\\\\\\\\\\\\\\\\\\\\\\\\\\\\\\\\\\\\\\\\\\\\\\\\\\\\\\\\\\\\\\\\\\\\\\\\\\\\\\\\\\\\\\\\\\\\\\\\\\\\\\\\\\\\\\\\\\\\\\\\\\\\\\\\\\\\\\\\\\\\\\\\\\\\\\\\\\\\\\\\\\\\\\\\\\\\\\\\\\\\\\\\','','',''),(155,'ua','','','',''),(159,'ua','','','',''),(161,'ua','','','',''),(283,'ua','','','',''),(182,'en','CND SHELLAC, ЦВЕТ STEEL GAZE 7,3 ML','','',''),(204,'en','','','',''),(206,'ua','','','',''),(242,'ua','','','',''),(271,'ua','','','',''),(273,'ua','','','',''),(275,'en','','','',''),(199,'en','','','',''),(310,'en','','','',''),(123,'en','REMOVE Remover','Fluid to remove REMOVE of 236 ml (8 fl Oz) enough to remove the coating with 10 nail plates 70 - 80 pairs of hands.','','Shellac Шеллак'),(204,'ua','','','',''),(286,'en','','','',''),(286,'ru','ЦВЕТА: AZURE WISH.','','','Шеллак Shellac CND'),(286,'ua','','','',''),(287,'en','','','',''),(287,'ru','ЦВЕТА: TUTTI FRUTTI, STUDIO WHITE.','','','shellac шеллак купить в минске'),(287,'ua','','','',''),(288,'en','','','',''),(288,'ru','ЦВЕТА: BLUSH TEDDY, LOCKET LOVE, STUDIO WHITE.','','','Shellac Шеллак'),(288,'ua','','','',''),(289,'ua','','','',''),(289,'ru','ЦВЕТА: MOONLIGHT AND ROSES, PINK BIKINI.','','','шеллак купить Минск беларусь'),(289,'en','','','',''),(290,'en','','','',''),(290,'ru','ЦВЕТА: MOONLIGHT AND ROSES, CREAM PUFF.','','','Шеллак Shellac CND'),(290,'ua','','','',''),(263,'ru','Жидкость для удаления кутикулы (Cuticle Away). Объем 177 мл (6 FL OZ).','340 000 рублей (BYR). &nbsp; &nbsp; &nbsp; &nbsp; &nbsp; &nbsp; &nbsp; &nbsp; &nbsp; &nbsp; &nbsp; &nbsp; &nbsp; &nbsp; &nbsp; &nbsp; &nbsp; &nbsp; &nbsp; Профессиональное средство для &laquo;европейского&raquo; маникюра. Наличие в растворе 20%-ой щелочной добавки позволяет растворять сухую кожу кутикулы. Сок Алоэ Вера оказывает смягчающее и противовоспалительное действие. Благодаря желеобразной консистенции расход препарата минимален. Средство наносится на кожу вокруг ногтя. Затем, через 2-3 минуты кутикула аккуратно отодвигается и удаляется. По окончании процедуры остатки препарата удаляются влажной салфеткой или руки моются в теплой воде.','','шеллак купить Минск беларусь'),(263,'en','','','',''),(148,'ru','Масло для кутикулы (Solar Oil). ОБЪЕМ 7,3 МЛ.','240 000 рублей (BYR). &nbsp; &nbsp; &nbsp; &nbsp; &nbsp; &nbsp; &nbsp; &nbsp; &nbsp; &nbsp; &nbsp; &nbsp; &nbsp; &nbsp; &nbsp; &nbsp; &nbsp; &nbsp; Композиция из масел сладкого миндаля, рисовых отрубей, жожоба и витамина Е. Придает натуральным и искусственным ногтям необходимую гибкость. Уникальный состав способствует быстрому размягчению и питанию кутикулы. Масло является прекрасным средством для полировки, склеивания (запечатывания) чешуек ногтя между собой, что, безусловно, способствует его укреплению.','','Шеллак Shellac CND'),(146,'en','Degreasers (SCRUBFRESH). VOLUME 236 ml (8 FL OZ).','','','Shellac Шеллак'),(146,'ru','ОБЕЗЖИРИВАТЕЛЬ (SCRUBFRESH). ОБЪЕМ 236 МЛ (8 FL OZ).','460 000 рублей (BYR). &nbsp; &nbsp; &nbsp; &nbsp; &nbsp; &nbsp; &nbsp; &nbsp; &nbsp; &nbsp; &nbsp; &nbsp; &nbsp; &nbsp; &nbsp; &nbsp; &nbsp; &nbsp; Препарат предназначен для обезжиривания, дезинфицирования и дегидратации (удаления влаги) натуральных и искусственных ногтей. Увеличивает их сцепление с покрытием, предотвращает скалывание и отслаивание. Применяется при работе с натуральными и искусственными ногтями перед нанесением покрытия Shellac.','','Шеллак Shellac CND'),(145,'en','Means for removing the sticky layer (COOL BLUE). VOLUME 236 ml (8 FL OZ).','','','Shellac Шеллак'),(145,'ru','Средство для снятия липкого слоя, однофазной дезинфекции (СOOL BLUE). ОБЪЕМ 236 МЛ (8 FL OZ).','420 000 рублей (BYR). &nbsp; &nbsp; &nbsp; &nbsp; &nbsp; &nbsp; &nbsp; &nbsp; &nbsp; &nbsp; &nbsp; &nbsp; &nbsp; &nbsp; &nbsp; &nbsp; &nbsp; &nbsp; Применяется для снятия липкого слоя &nbsp;при работе с покрытием Shellac, а также как дезинфектор одношаговой санитарной обработки рук, не требует последующего их мытья. Препарат уничтожает бактерии, вирусы гриппа, стафилококковые и стрептококковые инфекции, а также смягчает и увлажняет кожу.','',''),(144,'en','Remover (NOURISHING REMOVER). VOLUME 236 ml (8 FL OZ).','','',''),(144,'ru','Жидкость для удаления (NOURISHING REMOVER). ОБЪЕМ 236 МЛ (8 FL OZ).','380 000 рублей (BYR). &nbsp; &nbsp; &nbsp; &nbsp; &nbsp; &nbsp; &nbsp; &nbsp; &nbsp; &nbsp; &nbsp; &nbsp; &nbsp; &nbsp; &nbsp; &nbsp; &nbsp; Растворитель гибрида лака и геля CND Shellac, уменьшающий сухость ногтей и кожи вокруг них. Присутствие в составе препарата масла ореха макадамии исключает появление белых пятен на ногтях, а также ускоряет процесс растворения CND Shellac на 20%, т.е. вместо 10 минут на процедуру снятия нужно будет потратить всего 8. Помимо этого Nourishing Remover смягчает и увлажняет ногти и кожу, а витамин Е нейтрализует свободные радикалы и уменьшает видимое старение кожи. Свежий аромат огурца заменяет запах, присущий растворителям.','','shellac шеллак купить в минске'),(291,'ru','СПОНЖ ДЛЯ УДАЛЕНИЯ ПОКРЫТИЯ (REMOVER WRAP PACK). 100 ШТ.','Специальная хлопковая замотка создана таким образом, чтобы растворяющая жидкость для удаления покрытия соприкасалась с ногтевой пластиной и не попадала на кожу. Для снятия CND Shellac палец на 8 минут оборачивают замоткой, смоченной в &nbsp;жидкости для удаления (NOURISHING REMOVER).','','shellac шеллак купить в минске'),(291,'en','','','',''),(147,'ru','Обезжириватель повышенной дегидратации (Nail Fresh). ОБЪЕМ 29 МЛ (1 FL OZ).','320 000 рублей (BYR). &nbsp; &nbsp; &nbsp; &nbsp; &nbsp; &nbsp; &nbsp; &nbsp; &nbsp; &nbsp; &nbsp; &nbsp; &nbsp; &nbsp; &nbsp; &nbsp; &nbsp; &nbsp; Препарат для краткосрочной дегидратации (удаления влаги) натуральных ногтей. Эффективно устраняет влагу после &laquo;мокрого&raquo; маникюра не только с поверхности, но и между слоями ногтя. Используется только при работе с натуральными ногтями перед&nbsp; нанесением покрытия Shellac. Рекомендуется наносить на край ногтевой пластины для более стойкого и продолжительного ношения покрытия Shellac.','','Шеллак Shellac CND'),(147,'en','','','',''),(203,'en','','','',''),(292,'ua','','','',''),(292,'en','','','',''),(292,'ru','CND SHELLAC, ЦВЕТ - Wild Moss - 7,3 ML','340 000 рублей (BYR). &nbsp; &nbsp; &nbsp; &nbsp; &nbsp; &nbsp; &nbsp; &nbsp; &nbsp; &nbsp; &nbsp; &nbsp; &nbsp; &nbsp; &nbsp; &nbsp; &nbsp; &nbsp; &nbsp; &nbsp; &nbsp; &nbsp; &nbsp; &nbsp; &nbsp; &nbsp; &nbsp; &nbsp; &nbsp; &nbsp; &nbsp; Цвета входящие в коллекцию - Flora &amp; Fauna Collection, Весна 2015.&nbsp;Графитный с микроблеском.','','Шеллак Shellac CND'),(293,'ru','CND SHELLAC, ЦВЕТ - Field Fox - 7,3 ML','340 000 рублей (BYR). &nbsp; &nbsp; &nbsp; &nbsp; &nbsp; &nbsp; &nbsp; &nbsp; &nbsp; &nbsp; &nbsp; &nbsp; &nbsp; &nbsp; &nbsp; &nbsp; &nbsp; &nbsp; &nbsp; &nbsp; &nbsp; &nbsp; &nbsp; &nbsp; &nbsp; &nbsp; &nbsp; &nbsp; &nbsp; &nbsp; &nbsp; Цвета входящие в коллекцию - Flora &amp; Fauna Collection, Весна 2015.&nbsp;Лилово-бежевый эмалевый.','','shellac шеллак купить в минске'),(294,'en','','','',''),(294,'ru','CND SHELLAC, ЦВЕТ - Fragrant Freesia - 7,3 ML','340 000 рублей (BYR). &nbsp; &nbsp; &nbsp; &nbsp; &nbsp; &nbsp; &nbsp; &nbsp; &nbsp; &nbsp; &nbsp; &nbsp; &nbsp; &nbsp; &nbsp; &nbsp; &nbsp; &nbsp; &nbsp; &nbsp; &nbsp; &nbsp; &nbsp; &nbsp; &nbsp; &nbsp; &nbsp; &nbsp; &nbsp; &nbsp; &nbsp; Цвета входящие в коллекцию - Flora &amp; Fauna Collection, Весна 2015.&nbsp;Нежно-розовый с микроблеском и слюдой.','','шеллак купить Минск беларусь'),(295,'en','','','',''),(295,'ru','CND SHELLAC, ЦВЕТ - Dandelion - 7,3 ML','340 000 рублей (BYR). &nbsp; &nbsp; &nbsp; &nbsp; &nbsp; &nbsp; &nbsp; &nbsp; &nbsp; &nbsp; &nbsp; &nbsp; &nbsp; &nbsp; &nbsp; &nbsp; &nbsp; &nbsp; &nbsp; &nbsp; &nbsp; &nbsp; &nbsp; &nbsp; &nbsp; &nbsp; &nbsp; &nbsp; &nbsp; &nbsp; &nbsp; Цвета входящие в коллекцию - Flora &amp; Fauna Collection, Весна 2015.&nbsp;Персиковый с золотым микроблеском.','','Shellac Шеллак'),(296,'en','','','',''),(296,'ru','CND SHELLAC, ЦВЕТ - Salmon Run - 7,3 ML','340 000 рублей (BYR). &nbsp; &nbsp; &nbsp; &nbsp; &nbsp; &nbsp; &nbsp; &nbsp; &nbsp; &nbsp; &nbsp; &nbsp; &nbsp; &nbsp; &nbsp; &nbsp; &nbsp; &nbsp; &nbsp; &nbsp; &nbsp; &nbsp; &nbsp; &nbsp; &nbsp; &nbsp; &nbsp; &nbsp; &nbsp; &nbsp; &nbsp; Цвета входящие в коллекцию - Flora &amp; Fauna Collection, Весна 2015.&nbsp;Персиковый эмалевый.','','Шеллак Shellac CND'),(297,'en','','','',''),(297,'ru','CND SHELLAC, ЦВЕТ - Creekside - 7,3 ML','340 000 рублей (BYR). &nbsp; &nbsp; &nbsp; &nbsp; &nbsp; &nbsp; &nbsp; &nbsp; &nbsp; &nbsp; &nbsp; &nbsp; &nbsp; &nbsp; &nbsp; &nbsp; &nbsp; &nbsp; &nbsp; &nbsp; &nbsp; &nbsp; &nbsp; &nbsp; &nbsp; &nbsp; &nbsp; &nbsp; &nbsp; &nbsp; &nbsp; Цвета входящие в коллекцию - Flora &amp; Fauna Collection, Весна 2015.&nbsp;Нежно-голубой эмалевый.','','shellac шеллак купить в минске'),(298,'ua','','','',''),(298,'ru','ЦВЕТА: BEAU, CREAM PUFF.','','','Шеллак Shellac CND'),(298,'en','','','',''),(299,'en','','','',''),(299,'ru','ЦВЕТА: CERULEAN SEA, CREAM PUFF.','','','shellac шеллак купить в минске'),(299,'ua','','','',''),(300,'ua','','','',''),(300,'ru','ЦВЕТА: WILD MOSS, VEXED VIOLETTE, ROSE BUD.','','','шеллак купить Минск беларусь'),(300,'en','','','',''),(305,'ua','','','',''),(305,'ru','ЦВЕТА: BICYCLE YELLOW, CREAM PUFF.','','','Шеллак Shellac CND'),(302,'en','','','',''),(302,'ru','ЦВЕТА: LOCKET LOVE, WILD MOSS, SUGARED SPICE.','','','shellac шеллак купить в минске'),(302,'ua','','','',''),(305,'en','','','',''),(303,'ua','','','',''),(303,'ru','ЦВЕТА: WILDFIRE, CLEARLY PINK, CREAM PUFF.','','','шеллак купить Минск беларусь'),(303,'en','','','',''),(304,'en','','','',''),(304,'ru','ЦВЕТА: AZURE WISH, CLEARLY PINK, CREAM PUFF.','','','Shellac Шеллак'),(304,'ua','','','',''),(127,'en','CND SHELLAC, COLOR LILAC LONGING 7,3 ML','','','Shellac Шеллак'),(134,'en','CND SHELLAC, COLOR ICED CORAL 7,3 ML','','','Shellac Шеллак'),(149,'en','FOR \\\\\\\\\\\\\\\\\\\\\\\\\\\\\\\\\\\\\\\\\\\\\\\\\\\\\\\\\\\\\\\\\\\\\\\\\\\\\\\\\\\\\\\\\\\\\\\\\\\\\\\\\\\\\\\\\\\\\\\\\\\\\\\\','','',''),(150,'en','FOR \\\\\\\\\\\\\\\\\\\\\\\\\\\\\\\\\\\\\\\\\\\\\\\\\\\\\\\\\\\\\\\\\\\\\\\\\\\\\\\\\\\\\\\\\\\\\\\\\\\\\\\\\\\\\\\\\\\\\\\\\\\\\\\\\\\\\\\\\\\\\\\\\\\\\\\\\\\\\\\\\\\\\\\\\\\\\\\\\\\\\\\\\\\\\\\\\\\\\\\\\\\\\\\\\\\\\\\\\\\\\\\\\\\\\\\\\\\\\\\\\\\\\\\\\\\\\\\\','','',''),(155,'en','CND Shellac, Цвет Dark Dahlia (Осень 2013) 7,3 ML','','',''),(161,'en','','','',''),(176,'en','CND SHELLAC, ЦВЕТ SATIN PAJAMAS 7,3 ML','','',''),(200,'ua','','','',''),(201,'ua','','','',''),(208,'en','','','',''),(273,'en','CND SHELLAC, ЦВЕТ BEAU 7,3 ML','','',''),(274,'en','','','',''),(279,'en','','','',''),(282,'en','','','',''),(284,'en','','','',''),(285,'en','','','',''),(306,'ru','CND SHELLAC, ЦВЕТ - OVERTLY ONYX - 7,3 ML','340 000 рублей (BYR). &nbsp; &nbsp; &nbsp; &nbsp; &nbsp; &nbsp; &nbsp; &nbsp; &nbsp; &nbsp; &nbsp; &nbsp; &nbsp; &nbsp; &nbsp; &nbsp; &nbsp; &nbsp; &nbsp; &nbsp; &nbsp; &nbsp; &nbsp; &nbsp; &nbsp; &nbsp; &nbsp; &nbsp; &nbsp; &nbsp; &nbsp; Темно-серый стальной, плотный, с микроблестками серебристого цвет.','','Шеллак Shellac CND'),(306,'en','','','',''),(307,'en','','','',''),(307,'ru','ЦВЕТА: OVERTLY ONYX, DANDELION.','','','Шеллак Shellac CND'),(307,'ua','','','',''),(308,'en','','','',''),(308,'ru','ЦВЕТА: TROPIX, LILAC LONGING.','','','shellac шеллак купить в минске'),(308,'ua','','','',''),(313,'en','','','',''),(313,'ru','ЦВЕТА: MINT CONVERTIBLE, SUN BLEACHED, AZURE WISH, CAKE POP.','','','Шеллак Shellac CND'),(310,'ru','СРЕДСТВО ДЛЯ СНЯТИЯ ЛИПКОГО СЛОЯ, ОДНОФАЗНОЙ ДЕЗИНФЕКЦИИ (СOOL BLUE). ОБЪЕМ 236 МЛ (8 FL OZ).','420 000 рублей (BYR).','','shellac шеллак купить в минске'),(310,'ua','','','',''),(311,'en','','','',''),(311,'ru','ИТОГОВАЯ СТОИМОСТЬ ВСЕГО НАБОРА СОСТАВЛЯЕТ:','2 900 000 рублей (BYR).','','Shellac Шеллак'),(315,'ru','ЦВЕТА: CERULEAN SEA, SUN BLEACHED.','','','шеллак купить Минск беларусь'),(315,'en','','','',''),(317,'ru','CND SHELLAC, ЦВЕТ - BUTTERFLY QUEEN - 7,3 ML','340 000 рублей (BYR). &nbsp; &nbsp; &nbsp; &nbsp; &nbsp; &nbsp; &nbsp; &nbsp; &nbsp; &nbsp; &nbsp; &nbsp; &nbsp; &nbsp; &nbsp; &nbsp; &nbsp; &nbsp; &nbsp; &nbsp; &nbsp; &nbsp; &nbsp; &nbsp; &nbsp; &nbsp; &nbsp; &nbsp; &nbsp; Коллекция Лето 2015 (Garden Muse Collection 2015).&nbsp;Пурпурно-розовый, с блестками, с розовыми микроблестками, плотный.','','shellac шеллак купить в минске'),(318,'ru','CND SHELLAC, ЦВЕТ - LOST LABYRINTH - 7,3 ML','340 000 рублей (BYR). &nbsp; &nbsp; &nbsp; &nbsp; &nbsp; &nbsp; &nbsp; &nbsp; &nbsp; &nbsp; &nbsp; &nbsp; &nbsp; &nbsp; &nbsp; &nbsp; &nbsp; &nbsp; &nbsp; &nbsp; &nbsp; &nbsp; &nbsp; &nbsp; &nbsp; &nbsp; &nbsp; &nbsp; &nbsp; Коллекция Лето 2015 (Garden Muse Collection 2015).&nbsp;Цвет морской волны, с голубым перламутром, плотный.','','шеллак купить Минск беларусь'),(319,'en','','','',''),(319,'ru','CND SHELLAC, ЦВЕТ - WISTERIA HAZE - 7,3 ML','340 000 рублей (BYR). &nbsp; &nbsp; &nbsp; &nbsp; &nbsp; &nbsp; &nbsp; &nbsp; &nbsp; &nbsp; &nbsp; &nbsp; &nbsp; &nbsp; &nbsp; &nbsp; &nbsp; &nbsp; &nbsp; &nbsp; &nbsp; &nbsp; &nbsp; &nbsp; &nbsp; &nbsp; &nbsp; &nbsp; &nbsp; Коллекция Лето 2015 (Garden Muse Collection 2015).&nbsp;Фиалковый, без блесток и перламутра, плотный.','','Shellac Шеллак'),(316,'ru','CND SHELLAC, ЦВЕТ - BECKONING BEGONIA - 7,3 ML','340 000 рублей (BYR). &nbsp; &nbsp; &nbsp; &nbsp; &nbsp; &nbsp; &nbsp; &nbsp; &nbsp; &nbsp; &nbsp; &nbsp; &nbsp; &nbsp; &nbsp; &nbsp; &nbsp; &nbsp; &nbsp; &nbsp; &nbsp; &nbsp; &nbsp; &nbsp; &nbsp; &nbsp; &nbsp; &nbsp; &nbsp; &nbsp; &nbsp; Коллекция Лето 2015 (Garden Muse Collection 2015). Бледно-розовый, с серебряными микроблестками, плотный.','','Шеллак Shellac CND'),(316,'ua','','','',''),(317,'en','','','',''),(318,'en','','','',''),(319,'ua','','','',''),(318,'ua','','','',''),(317,'ua','','','',''),(320,'en','','','',''),(320,'ru','ЦВЕТА: BICYCLE YELLOW, HOLLYWOOD.','','','Шеллак Shellac CND'),(320,'ua','','','',''),(321,'en','','','',''),(321,'ru','ЦВЕТА: BECKONING BEGONIA, FIELD FOX.','','','shellac шеллак купить в минске'),(321,'ua','','','',''),(328,'en','','','',''),(328,'ru','CND SHELLAC, ЦВЕТ - SAFETY PIN - 7,3 ML','340 000 рублей (BYR). &nbsp; &nbsp; &nbsp; &nbsp; &nbsp; &nbsp; &nbsp; &nbsp; &nbsp; &nbsp; &nbsp; &nbsp; &nbsp; &nbsp; &nbsp; &nbsp; &nbsp; &nbsp; &nbsp; &nbsp; &nbsp; &nbsp; &nbsp; &nbsp; &nbsp; &nbsp; &nbsp; &nbsp; &nbsp; Коллекция Осень 2015&nbsp;&laquo;Contradictions&raquo;. Светло-бронзовый, без блесток, с большим количеством мелких перламутровых частиц, плотный.','','shellac шеллак купить в минске'),(329,'ua','','','',''),(329,'ru','CND SHELLAC, ЦВЕТ - NAKED NAIVETE - 7,3 ML','340 000 рублей (BYR). &nbsp; &nbsp; &nbsp; &nbsp; &nbsp; &nbsp; &nbsp; &nbsp; &nbsp; &nbsp; &nbsp; &nbsp; &nbsp; &nbsp; &nbsp; &nbsp; &nbsp; &nbsp; &nbsp; &nbsp; &nbsp; &nbsp; &nbsp; &nbsp; &nbsp; &nbsp; &nbsp; &nbsp; &nbsp; Коллекция Осень 2015&nbsp;&laquo;Contradictions&raquo;. Нежно-персиковый, без блесток и перламутра, плотный.','','шеллак купить Минск беларусь'),(330,'en','','','',''),(330,'ru','CND SHELLAC, ЦВЕТ - PEACOCK PLUME - 7,3 ML','340 000 рублей (BYR). &nbsp; &nbsp; &nbsp; &nbsp; &nbsp; &nbsp; &nbsp; &nbsp; &nbsp; &nbsp; &nbsp; &nbsp; &nbsp; &nbsp; &nbsp; &nbsp; &nbsp; &nbsp; &nbsp; &nbsp; &nbsp; &nbsp; &nbsp; &nbsp; &nbsp; &nbsp; &nbsp; &nbsp; &nbsp; Коллекция Осень 2015&nbsp;&laquo;Contradictions&raquo;. Темно-синий, без блесток, с зеленоватым перламутром, очень плотный.','','Shellac Шеллак'),(331,'ua','','','',''),(331,'ru','CND SHELLAC, ЦВЕТ - ROUGE RITE - 7,3 ML','340 000 рублей (BYR). &nbsp; &nbsp; &nbsp; &nbsp; &nbsp; &nbsp; &nbsp; &nbsp; &nbsp; &nbsp; &nbsp; &nbsp; &nbsp; &nbsp; &nbsp; &nbsp; &nbsp; &nbsp; &nbsp; &nbsp; &nbsp; &nbsp; &nbsp; &nbsp; &nbsp; &nbsp; &nbsp; &nbsp; &nbsp; Коллекция Осень 2015&nbsp;&laquo;Contradictions&raquo;. Темно-розовый (пионовый), без блесток и перламутра, плотный.','','Шеллак Shellac CND'),(332,'ua','','','',''),(332,'ru','CND SHELLAC, ЦВЕТ - Poison Plum - 7,3 ML','340 000 рублей (BYR). &nbsp; &nbsp; &nbsp; &nbsp; &nbsp; &nbsp; &nbsp; &nbsp; &nbsp; &nbsp; &nbsp; &nbsp; &nbsp; &nbsp; &nbsp; &nbsp; &nbsp; &nbsp; &nbsp; &nbsp; &nbsp; &nbsp; &nbsp; &nbsp; &nbsp; &nbsp; &nbsp; &nbsp; &nbsp; Коллекция Осень 2015&nbsp;&laquo;Contradictions&raquo;. Бордово-коричневый, с крупными розоватыми блестками, без перламутра, полупрозрачный.','','shellac шеллак купить в минске'),(330,'ua','','','',''),(333,'ua','','','',''),(333,'ru','ЦВЕТА: DANDELION, DARK LAVA.','','','Шеллак Shellac CND'),(333,'en','','','',''),(334,'en','','','',''),(334,'ru','ЦВЕТА: TARTAN PUNK.','','','shellac шеллак купить в минске'),(334,'ua','','','',''),(335,'en','','','',''),(335,'ru','ЦВЕТА: BLACK POOL, PURPLE PURPLE.','','','шеллак купить Минск беларусь'),(335,'ua','','','',''),(336,'en','','','',''),(336,'ru','ЦВЕТА: NAKED NAIVETE, SAFETY PIN.','','','Shellac Шеллак'),(336,'ua','','','',''),(329,'en','','','',''),(331,'en','','','',''),(332,'en','','','',''),(337,'en','','','',''),(337,'ru','ВЕРХНЕЕ ПОКРЫТИЕ XPRESS5 (SHELLAC XPRESS5 TOP COAT). ОБЪЕМ 15 МЛ (0.5 FL OZ).','620 000 рублей (BYR).','','Шеллак Shellac CND'),(338,'ua','','','',''),(338,'ru','ВЕРХНЕЕ ПОКРЫТИЕ XPRESS5 (SHELLAC XPRESS5 TOP COAT). ОБЪЕМ 7,3 МЛ (0.25 FL OZ).','360 000 рублей (BYR).','',''),(147,'ua','','','',''),(311,'ua','','','',''),(339,'en','','','',''),(339,'ru','CND SHELLAC, ЦВЕТ - GLACIAL MIST - 7,3 ML','340 000 рублей (BYR). &nbsp; &nbsp; &nbsp; &nbsp; &nbsp; &nbsp; &nbsp; &nbsp; &nbsp; &nbsp; &nbsp; &nbsp; &nbsp; &nbsp; &nbsp; &nbsp; &nbsp; &nbsp; &nbsp; &nbsp; &nbsp; &nbsp; &nbsp; &nbsp; &nbsp; &nbsp; &nbsp; &nbsp; &nbsp; Коллекция Зима 2016 &laquo;Aurora&raquo;. Нежно-изумрудный, с мелкими и крупными серебряными блестками, с перламутром, плотный.','','Купить шеллак'),(140,'en','BASE COAT (SHELLAC UV BASE COAT). Volume of 12.5 ml (0.42 fl Oz).','','','Shellac Шеллак'),(338,'en','','','',''),(143,'en','TOP COAT (SHELLAC TOP COAT GEL UV). SCOPE 7.3 ML (0.25 FL OZ).','','',''),(294,'ua','','','',''),(295,'ua','','','',''),(296,'ua','','','',''),(297,'ua','','','',''),(327,'ua','','','',''),(328,'ua','','','',''),(337,'ua','','','',''),(340,'en','','','',''),(340,'ru','CND SHELLAC, ЦВЕТ - NORDIC LIGHT - 7,3 ML','340 000 рублей (BYR). &nbsp; &nbsp; &nbsp; &nbsp; &nbsp; &nbsp; &nbsp; &nbsp; &nbsp; &nbsp; &nbsp; &nbsp; &nbsp; &nbsp; &nbsp; &nbsp; &nbsp; &nbsp; &nbsp; &nbsp; &nbsp; &nbsp; &nbsp; &nbsp; &nbsp; &nbsp; &nbsp; &nbsp; &nbsp; Коллекция Зима 2016 &laquo;Aurora&raquo;. Темно-малиновый, с мелкими разноцветными блестками и слюдой, полупрозрачный.','','Купить шеллак'),(341,'ua','','','',''),(341,'ru','CND SHELLAC, ЦВЕТ - TUNDRA - 7,3 ML','340 000 рублей (BYR). &nbsp; &nbsp; &nbsp; &nbsp; &nbsp; &nbsp; &nbsp; &nbsp; &nbsp; &nbsp; &nbsp; &nbsp; &nbsp; &nbsp; &nbsp; &nbsp; &nbsp; &nbsp; &nbsp; &nbsp; &nbsp; &nbsp; &nbsp; &nbsp; &nbsp; &nbsp; &nbsp; &nbsp; &nbsp; Коллекция Зима 2016 &laquo;Aurora&raquo;. Светло-розовый, с перламутром, плотный.','','Купить шеллак в Минске'),(341,'en','','','',''),(342,'en','','','',''),(342,'ru','CND SHELLAC, ЦВЕТ - WINTER GLOW - 7,3 ML','340 000 рублей (BYR). &nbsp; &nbsp; &nbsp; &nbsp; &nbsp; &nbsp; &nbsp; &nbsp; &nbsp; &nbsp; &nbsp; &nbsp; &nbsp; &nbsp; &nbsp; &nbsp; &nbsp; &nbsp; &nbsp; &nbsp; &nbsp; &nbsp; &nbsp; &nbsp; &nbsp; &nbsp; &nbsp; &nbsp; &nbsp; Коллекция Зима 2016 &laquo;Aurora&raquo;. Нежно-бежевый, без блесток и перламутра, плотный.','','Купить Shellac шеллак в Беларуси'),(339,'ua','','','',''),(340,'ua','','','',''),(342,'ua','','','','');
/*!40000 ALTER TABLE `products_info` ENABLE KEYS */;
UNLOCK TABLES;

--
-- Table structure for table `roles`
--

DROP TABLE IF EXISTS `roles`;
/*!40101 SET @saved_cs_client     = @@character_set_client */;
/*!40101 SET character_set_client = utf8 */;
CREATE TABLE `roles` (
  `role_id` int(11) NOT NULL AUTO_INCREMENT,
  `role_name` text COLLATE utf8_unicode_ci NOT NULL,
  PRIMARY KEY (`role_id`)
) ENGINE=InnoDB AUTO_INCREMENT=2 DEFAULT CHARSET=utf8 COLLATE=utf8_unicode_ci ROW_FORMAT=DYNAMIC;
/*!40101 SET character_set_client = @saved_cs_client */;

--
-- Dumping data for table `roles`
--

LOCK TABLES `roles` WRITE;
/*!40000 ALTER TABLE `roles` DISABLE KEYS */;
INSERT INTO `roles` VALUES (1,'admins');
/*!40000 ALTER TABLE `roles` ENABLE KEYS */;
UNLOCK TABLES;

--
-- Table structure for table `settings`
--

DROP TABLE IF EXISTS `settings`;
/*!40101 SET @saved_cs_client     = @@character_set_client */;
/*!40101 SET character_set_client = utf8 */;
CREATE TABLE `settings` (
  `setting_id` int(11) unsigned NOT NULL AUTO_INCREMENT,
  `name` varchar(255) NOT NULL,
  `value` varchar(255) DEFAULT NULL,
  `lock` tinyint(1) DEFAULT '0',
  PRIMARY KEY (`setting_id`)
) ENGINE=MyISAM AUTO_INCREMENT=13 DEFAULT CHARSET=utf8;
/*!40101 SET character_set_client = @saved_cs_client */;

--
-- Dumping data for table `settings`
--

LOCK TABLES `settings` WRITE;
/*!40000 ALTER TABLE `settings` DISABLE KEYS */;
INSERT INTO `settings` VALUES (1,'phone1','+ 375 (33) 696 36 16',1),(7,'orderPhone','+ 375 (33) 696 36 16',1),(6,'adminEmail','kirsh@tut.by',1),(8,'title','Купить Shellac Шеллак Минск Беларусь',1),(9,'textLogo','Shellac24.by - Работаем по всей Беларуси!',0),(10,'siteText','CND - это DNC красоты Ваших ногтей',0),(11,'leftOrange','Красота Ваших ногтей',0),(12,'leftBlue','в Ваших руках',0);
/*!40000 ALTER TABLE `settings` ENABLE KEYS */;
UNLOCK TABLES;

--
-- Table structure for table `skins`
--

DROP TABLE IF EXISTS `skins`;
/*!40101 SET @saved_cs_client     = @@character_set_client */;
/*!40101 SET character_set_client = utf8 */;
CREATE TABLE `skins` (
  `skin_id` int(11) NOT NULL AUTO_INCREMENT,
  `name` varchar(32) NOT NULL,
  `alias` varchar(32) NOT NULL,
  `default` tinyint(4) NOT NULL DEFAULT '0',
  PRIMARY KEY (`skin_id`)
) ENGINE=MyISAM AUTO_INCREMENT=3 DEFAULT CHARSET=utf8;
/*!40101 SET character_set_client = @saved_cs_client */;

--
-- Dumping data for table `skins`
--

LOCK TABLES `skins` WRITE;
/*!40000 ALTER TABLE `skins` DISABLE KEYS */;
INSERT INTO `skins` VALUES (1,'Filters','filters',1);
/*!40000 ALTER TABLE `skins` ENABLE KEYS */;
UNLOCK TABLES;

--
-- Table structure for table `user_prefs`
--

DROP TABLE IF EXISTS `user_prefs`;
/*!40101 SET @saved_cs_client     = @@character_set_client */;
/*!40101 SET character_set_client = utf8 */;
CREATE TABLE `user_prefs` (
  `pref_id` int(11) NOT NULL AUTO_INCREMENT,
  `user_id` int(11) NOT NULL,
  `key` varchar(32) NOT NULL,
  `value` varchar(128) NOT NULL,
  PRIMARY KEY (`pref_id`)
) ENGINE=MyISAM DEFAULT CHARSET=utf8;
/*!40101 SET character_set_client = @saved_cs_client */;

--
-- Dumping data for table `user_prefs`
--

LOCK TABLES `user_prefs` WRITE;
/*!40000 ALTER TABLE `user_prefs` DISABLE KEYS */;
/*!40000 ALTER TABLE `user_prefs` ENABLE KEYS */;
UNLOCK TABLES;

--
-- Table structure for table `users`
--

DROP TABLE IF EXISTS `users`;
/*!40101 SET @saved_cs_client     = @@character_set_client */;
/*!40101 SET character_set_client = utf8 */;
CREATE TABLE `users` (
  `user_id` int(11) NOT NULL AUTO_INCREMENT,
  `email` varchar(150) COLLATE utf8_unicode_ci NOT NULL,
  `password` varchar(32) COLLATE utf8_unicode_ci NOT NULL,
  `last_seen` datetime NOT NULL,
  `registered_date` datetime NOT NULL,
  `first_name` varchar(150) COLLATE utf8_unicode_ci NOT NULL,
  `last_name` varchar(150) COLLATE utf8_unicode_ci NOT NULL,
  `gender` tinyint(4) DEFAULT '1',
  `birthdate` datetime DEFAULT NULL,
  `enabled` tinyint(4) NOT NULL DEFAULT '0',
  `deleted` int(11) NOT NULL,
  `deleted_date` datetime NOT NULL,
  `email_hash` varchar(32) COLLATE utf8_unicode_ci NOT NULL,
  `role_id` int(11) NOT NULL,
  `forum_user_id` int(11) DEFAULT NULL,
  `username` varchar(128) COLLATE utf8_unicode_ci NOT NULL,
  PRIMARY KEY (`user_id`),
  UNIQUE KEY `username` (`username`)
) ENGINE=InnoDB AUTO_INCREMENT=2 DEFAULT CHARSET=utf8 COLLATE=utf8_unicode_ci ROW_FORMAT=DYNAMIC;
/*!40101 SET character_set_client = @saved_cs_client */;

--
-- Dumping data for table `users`
--

LOCK TABLES `users` WRITE;
/*!40000 ALTER TABLE `users` DISABLE KEYS */;
INSERT INTO `users` VALUES (1,'admin','e00cf25ad42683b3df678c61f42c6bda','2016-03-22 22:47:41','2010-02-23 00:53:39','root','user',1,NULL,1,0,'0000-00-00 00:00:00','',1,NULL,'admin');
/*!40000 ALTER TABLE `users` ENABLE KEYS */;
UNLOCK TABLES;
/*!40103 SET TIME_ZONE=@OLD_TIME_ZONE */;

/*!40101 SET SQL_MODE=@OLD_SQL_MODE */;
/*!40014 SET FOREIGN_KEY_CHECKS=@OLD_FOREIGN_KEY_CHECKS */;
/*!40014 SET UNIQUE_CHECKS=@OLD_UNIQUE_CHECKS */;
/*!40101 SET CHARACTER_SET_CLIENT=@OLD_CHARACTER_SET_CLIENT */;
/*!40101 SET CHARACTER_SET_RESULTS=@OLD_CHARACTER_SET_RESULTS */;
/*!40101 SET COLLATION_CONNECTION=@OLD_COLLATION_CONNECTION */;
/*!40111 SET SQL_NOTES=@OLD_SQL_NOTES */;

-- Dump completed on 2016-03-22 22:49:36
